date,open,high,low,close,volume
2014-10-23,25.09,25.27,25.09,25.25,7401
2014-10-24,25.14,25.19,25.14,25.19,15250
2014-10-27,25.028,25.028,25.028,25.028,340
2014-10-28,25.44,25.51,25.44,25.51,3800
2014-10-29,25.66,25.67,25.66,25.67,13640
2014-10-30,25.39,25.39,25.39,25.39,140
2014-10-31,25.5,25.75,25.5,25.75,10100
2014-11-03,26.05,26.05,26.05,26.05,213
2014-11-04,25.5,25.5,25.5,25.5,2500
2014-11-05,25.64,25.64,25.64,25.64,300
2014-11-06,25.56,25.56,25.56,25.56,153
2014-11-07,25.46,25.46,25.46,25.46,100
2014-11-10,25.46,25.46,25.46,25.46,0
2014-11-11,25.7599,25.7599,25.7599,25.7599,200
2014-11-12,25.25,25.25,25.25,25.25,1000
2014-11-13,25.25,25.25,25.25,25.25,0
2014-11-14,25.25,25.25,25.25,25.25,0
2014-11-17,25.25,25.25,25.25,25.25,5
2014-11-18,26.58,26.58,26.001,26.19,2247
2014-11-19,26.2,26.2,26.2,26.2,235
2014-11-20,26.2,26.2,26.2,26.2,0
2014-11-21,26.54,26.5403,26.456,26.4899,1015
2014-11-24,27.34,27.34,26.81,26.85,3514
2014-11-25,27.1,27.1,27.1,27.1,200
2014-11-26,27.2601,27.292,27.2601,27.292,400
2014-11-28,27.33,27.33,27.33,27.33,100
2014-12-01,28.01,28.01,27.37,27.37,310
2014-12-02,27.149,27.149,27.149,27.149,100
2014-12-03,27.0799,27.0799,27.0799,27.0799,440
2014-12-04,27.025,27.025,26.95,26.95,261
2014-12-05,29.0,29.0,27.2599,27.2599,343
2014-12-08,27.1,27.1,27.1,27.1,100
2014-12-09,26.8,26.8,26.8,26.8,240
2014-12-10,26.84,26.84,26.6645,26.6645,1101
2014-12-11,26.71,26.71,26.71,26.71,100
2014-12-12,26.41,26.41,26.41,26.41,174
2014-12-15,24.4,25.6592,24.4,25.62,470
2014-12-16,25.8701,26.24,25.8701,26.24,700
2014-12-17,26.25,26.25,26.1,26.1,645
2014-12-18,26.5,26.5,26.5,26.5,1110
2014-12-19,26.45,26.45,26.45,26.45,120
2014-12-22,26.59,26.6079,26.59,26.6079,300
2014-12-23,26.6099,26.62,26.6099,26.62,379
2014-12-24,26.708,26.708,26.6642,26.6642,200
2014-12-26,26.75,26.75,26.6,26.6,522
2014-12-29,26.4802,26.55,26.4802,26.5499,1178
2014-12-30,26.1633,26.1633,26.1633,26.1633,132
2014-12-31,26.1633,26.1633,26.1633,26.1633,0
2015-01-02,26.1633,26.1633,26.1633,26.1633,0
2015-01-05,25.85,25.85,24.88,24.88,2700
2015-01-06,24.88,24.88,24.88,24.88,0
2015-01-07,24.88,24.88,24.88,24.88,4
2015-01-08,25.4399,25.58,25.4399,25.58,1220
2015-01-09,25.58,25.58,25.58,25.58,0
2015-01-12,26.0,26.0,25.29,25.45,1865
2015-01-13,25.8204,25.842,25.53,25.53,1804
2015-01-14,25.53,25.53,25.53,25.53,0
2015-01-15,25.955,25.955,25.7469,25.7469,394
2015-01-16,25.864,26.12,25.864,26.12,1474
2015-01-20,26.21,26.21,26.1688,26.1772,914
2015-01-21,26.2,26.2,26.092,26.092,590
2015-01-22,26.2099,26.44,26.178,26.32,93615
2015-01-23,26.87,26.87,26.23,26.23,106060
2015-01-26,26.46,26.91,26.46,26.85,14855
2015-01-27,26.66,26.769,26.579,26.669,11493
2015-01-28,26.679,26.825,26.5,26.5,8039
2015-01-29,26.48,27.0,26.48,26.9734,35342
2015-01-30,26.98,26.98,26.4067,26.5,19778
2015-02-02,27.06,27.15,26.8501,27.13,11655
2015-02-03,27.89,27.89,27.3901,27.6675,52282
2015-02-04,27.67,27.67,27.03,27.14,80800
2015-02-05,27.2,27.797,27.2,27.56,7345
2015-02-06,27.36,27.36,26.7316,26.83,30567
2015-02-09,26.32,26.6,26.32,26.5499,20286
2015-02-10,26.769,26.8072,26.56,26.8,7566
2015-02-11,26.6999,26.758,26.6528,26.6528,1152
2015-02-12,26.99,27.53,26.98,27.53,15152
2015-02-13,28.0,28.0,27.4301,27.5499,56218
2015-02-17,27.88,27.88,27.2,27.3726,57083
2015-02-18,27.3899,27.4203,27.29,27.4203,1736
2015-02-19,27.338,27.57,27.338,27.46,6431
2015-02-20,27.27,27.9437,27.27,27.86,22350
2015-02-23,28.03,28.03,27.6605,27.74,17966
2015-02-24,27.86,28.02,27.67,27.972,32796
2015-02-25,27.98,28.03,27.85,28.03,20139
2015-02-26,27.9,27.95,27.81,27.842,11630
2015-02-27,28.01,28.11,27.796,28.021,15808
2015-03-02,28.56,28.56,27.784,28.13,37710
2015-03-03,28.59,28.59,27.7399,27.7999,9412
2015-03-04,27.58,27.83,27.4407,27.8,8676
2015-03-05,27.9183,27.95,27.7701,27.81,15893
2015-03-06,28.04,28.04,27.4,27.49,12270
2015-03-09,28.19,28.19,27.5401,27.71,10505
2015-03-10,27.69,27.69,27.04,27.11,12726
2015-03-11,27.42,27.54,27.24,27.41,25666
2015-03-12,28.04,28.04,27.45,27.74,32257
2015-03-13,27.8,27.8,27.2,27.55,41407
2015-03-16,27.82,28.45,27.82,28.4,100822
2015-03-17,28.47,28.47,27.851,27.9401,112012
2015-03-18,27.93,28.3501,27.76,28.35,48465
2015-03-19,28.37,28.37,27.6699,27.78,31578
2015-03-20,28.27,28.73,28.27,28.65,57110
2015-03-23,28.65,28.65,28.4201,28.63,20804
2015-03-24,28.5,28.83,28.5,28.74,7338
2015-03-25,29.18,29.18,28.53,28.59,37952
2015-03-26,28.5,28.5,28.07,28.41,22920
2015-03-27,28.41,28.4899,28.2294,28.45,35891
2015-03-30,28.93,28.93,28.48,28.7599,13695
2015-03-31,28.33,28.4001,28.1,28.22,30092
2015-04-01,28.41,28.49,28.22,28.46,63945
2015-04-02,28.64,29.2,28.5601,28.6499,68680
2015-04-06,28.63,28.97,28.63,28.9,39581
2015-04-07,29.15,29.15,28.673,28.673,23244
2015-04-08,28.9,28.9,28.45,28.6181,15724
2015-04-09,28.87,28.87,28.46,28.545,18303
2015-04-10,28.52,28.86,28.52,28.86,27666
2015-04-13,28.96,28.96,28.5001,28.57,25876
2015-04-14,28.84,28.84,28.614,28.69,14897
2015-04-15,28.83,28.83,28.51,28.69,20867
2015-04-16,28.66,28.66,28.15,28.3001,17950
2015-04-17,28.05,28.05,27.533,27.7212,30423
2015-04-20,27.72,28.15,27.72,27.98,9889
2015-04-21,28.1,28.26,28.1,28.22,20330
2015-04-22,28.14,28.14,27.8,28.08,13643
2015-04-23,27.87,28.05,27.6,27.92,274716
2015-04-24,27.9488,28.1882,27.85,28.11,26323
2015-04-27,28.31,28.812,28.31,28.6,33060
2015-04-28,28.74,28.74,28.28,28.33,256485
2015-04-29,28.07,28.18,27.8,27.9,24197
2015-04-30,28.1444,28.18,27.901,27.901,10649
2015-05-01,28.29,28.36,28.13,28.24,9470
2015-05-04,28.58,28.58,28.34,28.34,18364
2015-05-05,28.42,28.42,27.7305,27.74,259724
2015-05-06,28.03,28.3098,27.986,28.18,4954
2015-05-07,28.34,28.34,28.02,28.0648,11366
2015-05-08,28.52,28.8299,28.52,28.74,12761
2015-05-11,28.66,28.66,28.3259,28.3259,4615
2015-05-12,28.14,28.25,28.0901,28.194,5140
2015-05-13,28.44,28.44,28.05,28.09,3056
2015-05-14,28.39,28.8199,28.39,28.79,6089
2015-05-15,28.67,28.73,28.41,28.73,10402
2015-05-18,28.5,28.81,28.5,28.7499,12437
2015-05-19,28.96,28.96,28.72,28.82,10218
2015-05-20,28.93,28.93,28.6105,28.77,5358
2015-05-21,28.88,28.88,28.788,28.81,1203
2015-05-22,28.38,28.5499,28.3735,28.4539,6467
2015-05-26,28.12,28.12,27.51,27.5101,41323
2015-05-27,27.56,28.05,27.51,28.0093,13758
2015-05-28,27.87,27.89,27.7499,27.8301,4916
2015-05-29,27.8,27.8,27.33,27.39,6753
2015-06-01,27.53,27.53,27.03,27.3468,4778
2015-06-02,27.47,27.7499,27.403,27.6,9898
2015-06-03,28.08,28.211,27.89,28.07,14484
2015-06-04,28.04,28.04,27.59,27.69,30633
2015-06-05,27.57,27.57,27.021,27.1466,18638
2015-06-08,27.19,27.254,27.0524,27.075,5533
2015-06-09,26.75,27.07,26.73,26.99,12606
2015-06-10,27.33,27.9,27.33,27.85,6905
2015-06-11,28.15,28.15,27.7001,27.8,31568
2015-06-12,27.58,27.58,27.2,27.5399,3238
2015-06-15,27.47,27.47,26.77,27.11,22108
2015-06-16,27.18,27.18,26.91,27.09,18175
2015-06-17,27.35,27.35,26.7501,26.99,4335
2015-06-18,27.15,28.015,27.15,27.6001,10325
2015-06-19,27.67,27.67,27.182,27.31,19048
2015-06-22,28.43,28.528,28.16,28.3599,16657
2015-06-23,28.82,28.82,28.147,28.147,17068
2015-06-24,27.96,27.96,27.5556,27.5556,12679
2015-06-25,27.58,27.764,27.562,27.672,256730
2015-06-26,28.03,28.03,27.67,27.75,256210
2015-06-29,26.9,27.14,26.39,26.69,274734
2015-06-30,26.83,26.8993,26.37,26.4809,31694
2015-07-01,27.19,27.19,26.5701,26.6,10449
2015-07-02,27.0,27.0,26.543,26.59,11500
2015-07-06,26.27,26.27,25.8278,26.06,18420
2015-07-07,25.48,26.04,25.2901,26.03,28309
2015-07-08,25.52,25.7329,25.52,25.59,7717
2015-07-09,26.0,26.3001,26.0,26.1442,12092
2015-07-10,27.5,27.5,27.21,27.42,59448
2015-07-13,27.89,27.89,27.23,27.3402,40761
2015-07-14,27.28,27.418,27.28,27.38,2521
2015-07-15,27.28,27.3799,27.148,27.27,18521
2015-07-16,27.68,27.73,27.52,27.52,66618
2015-07-17,27.45,27.45,27.3355,27.404,1407
2015-07-20,27.36,27.74,27.36,27.45,32265
2015-07-21,27.4399,27.4399,27.3301,27.41,4876
2015-07-22,27.25,27.25,26.801,27.14,24869
2015-07-23,27.2,27.27,27.16,27.195,1548
2015-07-24,27.11,27.12,26.72,26.72,9877
2015-07-27,26.63,26.66,26.34,26.41,7230
2015-07-28,26.76,26.8,26.6,26.74,6175
2015-07-29,26.86,26.86,26.63,26.67,14180
2015-07-30,26.69,26.69,26.29,26.5,3631
2015-07-31,26.8,26.93,26.7501,26.7501,15567
2015-08-03,26.87,27.1,26.87,26.96,2230
2015-08-04,27.01,27.16,26.995,26.995,2250
2015-08-05,27.35,27.3539,27.24,27.3,1825
2015-08-06,27.21,27.34,27.21,27.2501,3772
2015-08-07,27.17,27.25,27.097,27.25,1773
2015-08-10,27.42,27.59,26.88,27.59,6908
2015-08-11,27.16,27.16,26.872,26.95,5838
2015-08-12,26.72,26.72,26.331,26.66,23721
2015-08-13,26.78,26.78,26.44,26.55,17087
2015-08-14,26.45,26.4864,26.3893,26.4864,2772
2015-08-17,26.2,26.2995,26.05,26.2995,4468
2015-08-18,26.1,26.1,25.9201,25.972,7264
2015-08-19,25.49,25.7299,25.49,25.7299,1188
2015-08-20,25.37,25.52,24.99,25.0,31807
2015-08-21,24.86,25.2343,24.4985,24.552,6181
2015-08-24,23.35,24.61,22.85,24.22,18918
2015-08-25,24.78,25.116,24.32,24.36,36581
2015-08-26,24.826,24.8799,24.45,24.84,9469
2015-08-27,25.04,25.19,24.966,25.0826,2145
2015-08-28,24.95,24.95,24.717,24.88,13997
2015-08-31,24.67,24.8743,24.61,24.8743,1917
2015-09-01,24.4,24.4,24.12,24.24,17209
2015-09-02,24.4401,24.4762,24.4401,24.47,1440
2015-09-03,24.8001,24.8001,24.59,24.59,2573
2015-09-04,24.1275,24.1491,24.01,24.13,8514
2015-09-08,24.66,24.932,24.66,24.93,4576
2015-09-09,25.32,25.32,24.8423,24.8423,3068
2015-09-10,24.84,24.9,24.695,24.9,1026
2015-09-11,24.754,24.817,24.754,24.817,354
2015-09-14,24.77,24.8408,24.68,24.8408,1615
2015-09-15,24.76,24.902,24.76,24.902,1203
2015-09-16,25.01,25.01,24.94,24.95,1501
2015-09-17,25.15,25.4299,24.95,25.4299,1863
2015-09-18,24.4,24.43,24.15,24.15,3122
2015-09-21,24.11,24.1402,23.9524,23.9524,4071
2015-09-22,23.35,23.35,22.981,23.15,19238
2015-09-23,23.42,23.42,23.0606,23.23,3673
2015-09-24,22.87,23.16,22.814,23.0501,12674
2015-09-25,23.48,23.48,23.2,23.2278,9162
2015-09-28,23.01,23.06,22.8301,22.89,4510
2015-09-29,22.77,23.03,22.77,22.994,1969
2015-09-30,23.33,23.4299,23.21,23.267,1113
2015-10-01,23.36,23.36,22.79,23.01,46047
2015-10-02,22.94,23.43,22.93,23.43,1066
2015-10-05,23.796,23.87,23.67,23.8499,5818
2015-10-06,23.84,24.09,23.84,24.079,4179
2015-10-07,24.36,24.38,24.206,24.23,2778
2015-10-08,24.2472,24.52,24.2406,24.467,10404
2015-10-09,24.74,24.76,24.62,24.69,6567
2015-10-12,24.7,24.7805,24.7,24.7805,832
2015-10-13,24.52,24.6583,24.52,24.65,1642
2015-10-14,24.7,24.7,24.43,24.4935,677
2015-10-15,24.57,24.6991,24.57,24.6991,1614
2015-10-16,24.77,24.77,24.65,24.7633,854
2015-10-19,24.88,24.88,24.72,24.83,1681
2015-10-20,24.874,24.8789,24.807,24.81,1422
2015-10-21,25.1,25.1,24.88,24.8811,5562
2015-10-22,25.2,25.311,25.2,25.311,2471
2015-10-23,25.7,25.7799,25.6299,25.7399,21223
2015-10-26,25.84,25.84,25.7001,25.7001,2528
2015-10-27,25.66,25.66,25.4201,25.4201,1502
2015-10-28,25.59,25.92,25.5767,25.6,3497
2015-10-29,25.59,25.59,25.4201,25.4483,1157
2015-10-30,25.804,25.804,25.641,25.641,1894
2015-11-02,25.96,26.033,25.96,25.9942,915
2015-11-03,25.89,25.9001,25.7301,25.81,2609
2015-11-04,25.78,25.78,25.35,25.36,8196
2015-11-05,25.62,25.62,25.42,25.52,2650
2015-11-06,25.5599,25.5599,25.4736,25.49,1297
2015-11-09,25.42,25.42,25.066,25.162,2921
2015-11-10,25.0,25.11,24.96,25.11,1598
2015-11-11,25.41,25.41,25.1801,25.1801,2485
2015-11-12,25.07,25.08,24.96,24.96,2500
2015-11-13,24.7001,24.7694,24.7001,24.7694,819
2015-11-16,24.77,24.8301,24.77,24.8301,2955
2015-11-17,25.123,25.123,24.9301,24.9301,1213
2015-11-18,25.04,25.23,25.04,25.23,4667
2015-11-19,25.43,25.6126,25.43,25.6,1032
2015-11-20,25.78,25.78,25.462,25.462,1186
2015-11-23,25.37,25.37,25.3028,25.3028,1063
2015-11-24,25.14,25.14,25.14,25.14,239
2015-11-25,25.52,25.56,25.52,25.56,1429
2015-11-27,25.9,25.9,25.74,25.83,4129
2015-11-30,25.91,25.91,25.91,25.91,157
2015-12-01,25.97,25.97,25.75,25.85,4718
2015-12-02,25.76,25.76,25.5,25.5,2812
2015-12-03,25.58,25.58,25.196,25.196,39991
2015-12-04,25.3,25.441,25.14,25.441,1366
2015-12-07,25.56,25.56,25.4,25.4301,1731
2015-12-08,25.14,25.14,25.07,25.07,2070
2015-12-09,25.02,25.16,24.8652,24.97,3867
2015-12-10,24.97,24.97,24.97,24.97,51
2015-12-11,24.65,24.65,24.5,24.5,1519
2015-12-14,24.4,24.41,24.22,24.22,12745
2015-12-15,24.652,24.652,24.652,24.652,175
2015-12-16,24.8,25.02,24.8,25.02,12102
2015-12-17,25.17,25.17,24.9701,24.9701,1198
2015-12-18,24.71,24.71,24.71,24.71,106
2015-12-21,24.76,25.175,24.7,24.7,2523
2015-12-22,24.8548,24.8548,24.81,24.8401,1280
2015-12-23,25.15,25.2,25.0598,25.2,3520
2015-12-24,25.13,25.19,25.1201,25.17,1142
2015-12-28,25.02,25.19,25.02,25.19,11556
2015-12-29,25.4,25.5369,25.4,25.5369,2676
2015-12-30,25.43,25.43,25.07,25.07,810
2015-12-31,25.02,25.02,24.7201,24.8901,5628
2016-01-04,24.43,24.43,23.7837,23.9895,5565
2016-01-05,23.97,23.97,23.69,23.8501,5146
2016-01-06,23.48,23.6307,23.42,23.58,2389
2016-01-07,23.31,23.395,23.16,23.16,4151
2016-01-08,23.2499,23.2499,22.92,22.94,4571
2016-01-11,23.19,23.278,22.9658,23.12,10065
2016-01-12,23.38,23.44,23.3201,23.4,1752
2016-01-13,23.49,23.49,22.85,22.913,7928
2016-01-14,22.8685,23.21,22.8299,23.07,6437
2016-01-15,22.51,22.554,22.1,22.26,2581
2016-01-19,22.72,22.72,22.4408,22.58,3159
2016-01-20,22.15,22.1952,22.03,22.17,2826
2016-01-21,22.34,22.5101,22.07,22.42,867
2016-01-22,22.8012,22.818,22.8012,22.818,575
2016-01-25,22.82,22.82,22.6,22.6,1017
2016-01-26,22.9699,23.04,22.9384,22.959,2355
2016-01-27,23.09,23.09,23.084,23.084,746
2016-01-28,22.7,22.79,22.6299,22.75,5426
2016-01-29,22.8401,22.8401,22.8401,22.8401,503
2016-02-01,22.81,22.95,22.7299,22.85,14039
2016-02-02,22.53,22.5511,22.524,22.524,425
2016-02-03,22.52,22.52,22.392,22.47,751
2016-02-04,22.38,22.608,22.38,22.608,977
2016-02-05,22.3694,22.3694,22.2,22.2,506
2016-02-08,21.81,21.81,21.4709,21.5599,3876
2016-02-09,21.29,21.75,21.29,21.63,8538
2016-02-10,21.77,21.882,21.77,21.882,927
2016-02-11,21.51,21.525,21.4,21.4626,3185
2016-02-12,21.6835,21.72,21.6835,21.72,995
2016-02-16,21.72,21.72,21.72,21.72,135
2016-02-17,22.37,22.506,22.37,22.48,2327
2016-02-18,22.77,22.77,22.56,22.64,1565
2016-02-19,22.51,22.51,22.32,22.4292,930
2016-02-22,22.63,22.716,22.63,22.67,4308
2016-02-23,22.46,22.46,22.45,22.45,5004
2016-02-24,21.86,22.02,21.7148,22.02,471
2016-02-25,22.02,22.02,22.02,22.02,130
2016-02-26,22.46,22.46,22.35,22.35,2894
2016-02-29,22.41,22.41,22.08,22.14,1043
2016-03-01,22.69,22.79,22.69,22.79,3428
2016-03-02,22.63,22.65,22.61,22.61,2866
2016-03-03,22.875,23.04,22.85,23.04,600
2016-03-04,23.25,23.28,23.16,23.22,941
2016-03-07,23.0,23.05,22.9799,23.05,2512
2016-03-08,23.0783,23.0783,22.92,22.92,5131
2016-03-09,23.0,23.04,22.9899,22.9899,2102
2016-03-10,23.275,23.4,22.8554,22.88,3579
2016-03-11,23.45,23.72,23.45,23.72,3617
2016-03-14,23.7,23.8099,23.7,23.8099,2338
2016-03-15,23.52,23.6958,23.52,23.6958,1924
2016-03-16,23.6,24.05,23.6,23.97,2784
2016-03-17,23.99,24.09,23.81,24.09,3040
2016-03-18,24.1,24.1,24.053,24.053,2150
2016-03-21,24.05,24.05,23.99,23.99,1802
2016-03-22,23.79,24.0899,23.79,23.99,6508
2016-03-23,24.091,24.097,24.091,24.097,1084
2016-03-24,23.73,23.73,23.65,23.65,1218
2016-03-28,23.6035,23.69,23.6035,23.69,2100
2016-03-29,23.7466,23.7466,23.7466,23.7466,183
2016-03-30,24.36,24.5318,24.3401,24.44,2387
2016-03-31,24.4,24.4,24.3,24.3,3450
2016-04-01,23.82,23.99,23.82,23.99,2301
2016-04-04,24.0885,24.0885,23.98,24.004,1161
2016-04-05,23.395,23.395,23.26,23.2611,3812
2016-04-06,23.3,23.6799,23.3,23.5901,4254
2016-04-07,23.38,23.4,23.38,23.4,781
2016-04-08,23.67,23.67,23.5118,23.5599,1218
2016-04-11,23.74,23.74,23.74,23.74,1204
2016-04-12,23.66,23.66,23.55,23.55,1228
2016-04-13,24.12,24.23,24.12,24.23,4727
2016-04-14,24.35,24.35,24.34,24.35,431
2016-04-15,24.28,24.3061,24.22,24.23,1773
2016-04-18,24.3974,24.55,24.3801,24.55,3085
2016-04-19,25.06,25.177,25.06,25.15,2382
2016-04-20,25.2,25.26,25.2,25.26,1637
2016-04-21,25.0,25.21,25.0,25.16,400
2016-04-22,24.9795,24.9795,24.92,24.92,843
2016-04-25,24.81,24.85,24.68,24.85,3403
2016-04-26,24.82,24.89,24.82,24.82,1158
2016-04-27,24.85,24.9,24.85,24.9,489
2016-04-28,24.9,24.9,24.9,24.9,147
2016-04-29,24.65,24.6815,24.65,24.6815,615
2016-05-02,24.89,25.0299,24.89,24.98,5750
2016-05-03,24.56,24.56,24.5,24.54,2400
2016-05-04,24.27,24.303,24.12,24.1357,1440
2016-05-05,23.96,24.0792,23.92,23.94,2028
2016-05-06,24.097,24.15,24.097,24.15,500
2016-05-09,24.4,24.44,24.24,24.24,4593
2016-05-10,24.39,24.449,24.37,24.44,3177
2016-05-11,24.3699,24.3699,24.3499,24.36,2383
2016-05-12,23.92,24.016,23.92,24.016,969
2016-05-13,23.87,23.897,23.8108,23.82,2717
2016-05-16,23.91,23.91,23.91,23.91,189
2016-05-17,23.9215,23.989,23.72,23.72,1831
2016-05-18,23.72,23.72,23.72,23.72,1
2016-05-19,23.45,23.45,23.39,23.395,650
2016-05-20,23.65,23.67,23.64,23.64,728
2016-05-23,23.5,23.54,23.5,23.54,652
2016-05-24,23.68,23.9688,23.68,23.9688,2515
2016-05-25,24.2624,24.2624,24.25,24.2611,908
2016-05-26,24.465,24.465,24.465,24.465,282
2016-05-27,24.4,24.4,24.37,24.4,1302
2016-05-31,24.47,24.53,24.31,24.31,1106
2016-06-01,24.32,24.32,24.31,24.31,546
2016-06-02,24.31,24.31,24.31,24.31,1
2016-06-03,24.31,24.31,24.31,24.31,5
2016-06-06,24.5,24.536,24.5,24.536,1353
2016-06-07,24.82,24.8605,24.82,24.85,9518
2016-06-08,24.8,24.8899,24.8,24.8899,1247
2016-06-09,24.25,24.3489,24.25,24.3489,1603
2016-06-10,23.6506,23.6506,23.45,23.456,3605
2016-06-13,23.3,23.3,23.14,23.16,947
2016-06-14,23.0,23.0,22.75,22.83,5407
2016-06-15,23.07,23.07,22.98,22.98,2915
2016-06-16,22.59,23.09,22.4799,23.09,6360
2016-06-17,23.27,23.331,23.1,23.331,2696
2016-06-20,24.47,24.47,23.932,23.932,4995
2016-06-21,24.17,24.289,24.0,24.25,1401
2016-06-22,24.295,24.3,24.1162,24.12,1993
2016-06-23,24.44,24.9287,24.44,24.9287,5747
2016-06-24,22.34,22.88,22.24,22.41,50673
2016-06-27,22.08,22.08,21.51,21.78,10632
2016-06-28,22.58,22.58,22.159,22.43,23503
2016-06-29,22.63,22.7118,22.5001,22.61,8926
2016-06-30,22.72,22.9176,22.5908,22.916,5687
2016-07-01,22.94,23.1599,22.94,23.0145,4535
2016-07-05,22.43,22.435,22.254,22.254,5309
2016-07-06,21.91,22.19,21.79,22.19,6224
2016-07-07,22.165,22.27,22.0199,22.02,2486
2016-07-08,22.53,22.55,22.5007,22.55,816
2016-07-11,22.94,23.0281,22.94,22.9732,4965
2016-07-12,23.4,23.434,23.29,23.3,5700
2016-07-13,23.53,23.53,23.31,23.338,3592
2016-07-14,23.64,23.748,23.64,23.7299,1814
2016-07-15,23.57,23.57,23.56,23.56,643
2016-07-18,23.47,23.58,23.47,23.58,1070
2016-07-19,23.2776,23.3119,23.23,23.26,1997
2016-07-20,23.56,23.6695,23.56,23.62,1621
2016-07-21,23.8,23.8,23.59,23.62,362
2016-07-22,23.59,23.59,23.59,23.59,489
2016-07-25,23.82,23.82,23.6434,23.69,1857
2016-07-26,23.9,23.9,23.75,23.885,3132
2016-07-27,24.02,24.13,23.97,24.13,2334
2016-07-28,24.31,24.31,24.1909,24.21,2594
2016-07-29,24.4559,24.4559,24.4201,24.4201,711
2016-08-01,24.26,24.45,24.26,24.32,4473
2016-08-02,24.21,24.21,24.09,24.09,741
2016-08-03,23.99,24.083,23.99,24.083,1730
2016-08-04,24.1,24.1,24.054,24.08,1142
2016-08-05,24.19,24.34,24.19,24.3289,2369
2016-08-08,24.47,24.47,24.42,24.42,2113
2016-08-09,24.5,25.1,24.5,25.0634,13858
2016-08-10,25.2,25.2,25.15,25.15,2646
2016-08-11,25.24,25.375,25.24,25.26,5901
2016-08-12,25.31,25.31,25.24,25.24,2712
2016-08-15,25.4201,25.4201,25.35,25.36,2408
2016-08-16,25.29,25.49,25.29,25.4201,6011
2016-08-17,25.25,25.3093,25.04,25.285,3791
2016-08-18,25.29,25.41,25.29,25.41,2858
2016-08-19,25.227,25.309,25.227,25.25,1901
2016-08-22,25.25,25.25,25.25,25.25,56
2016-08-23,25.34,25.34,25.34,25.34,247
2016-08-24,25.41,25.41,25.2301,25.24,1405
2016-08-25,25.1,25.1,25.04,25.0617,1262
2016-08-26,25.1301,25.2901,24.81,24.8101,4777
2016-08-29,24.86,24.9595,24.86,24.9595,838
2016-08-30,25.06,25.1599,25.06,25.07,2653
2016-08-31,24.98,24.98,24.98,24.98,348
2016-09-01,25.01,25.01,25.01,25.01,335
2016-09-02,25.21,25.21,25.1752,25.1899,1760
2016-09-06,25.14,25.48,25.14,25.4,3215
2016-09-07,25.45,25.529,25.45,25.529,1222
2016-09-08,25.41,25.4446,25.392,25.392,849
2016-09-09,25.1035,25.1035,24.9001,24.9001,375
2016-09-12,24.58,24.8,24.58,24.8,1128
2016-09-13,24.96,24.96,24.64,24.6458,3055
2016-09-14,24.58,24.75,24.58,24.75,3146
2016-09-15,24.6,24.8572,24.5999,24.79,4410
2016-09-16,24.3,24.3092,24.22,24.22,7805
2016-09-19,24.41,24.4435,24.41,24.42,2014
2016-09-20,24.5773,24.5773,24.5773,24.5773,491
2016-09-21,24.6352,24.84,24.58,24.84,9317
2016-09-22,25.25,25.4322,25.25,25.2725,2637
2016-09-23,25.15,25.15,25.15,25.15,500
2016-09-26,24.744,24.77,24.7,24.7,1324
2016-09-27,24.4379,24.6288,24.423,24.6288,3779
2016-09-28,24.864,24.864,24.75,24.76,1140
2016-09-29,24.85,24.85,24.4169,24.4169,3851
2016-09-30,24.62,25.0,24.62,25.0,9810
2016-10-03,24.79,24.84,24.7836,24.84,3053
2016-10-04,25.14,25.14,24.89,24.9631,1311
2016-10-05,25.04,25.12,25.04,25.0886,3681
2016-10-06,24.85,24.994,24.85,24.96,3109
2016-10-07,24.75,24.8,24.67,24.8,870
2016-10-10,25.03,25.035,25.01,25.01,2000
2016-10-11,24.77,24.83,24.68,24.68,1178
2016-10-12,24.4877,24.5,24.4877,24.5,5257
2016-10-13,24.08,24.43,24.08,24.39,5176
2016-10-14,24.656,24.656,24.56,24.5901,3606
2016-10-17,24.42,24.42,24.41,24.41,1184
2016-10-18,24.66,24.66,24.65,24.66,421
2016-10-19,24.66,24.66,24.66,24.66,155
2016-10-20,24.51,24.7101,24.51,24.7101,785
2016-10-21,24.56,24.631,24.56,24.61,1620
2016-10-24,25.01,25.01,24.72,24.72,4022
2016-10-25,24.78,24.78,24.73,24.73,4019
2016-10-26,24.61,24.61,24.61,24.61,301
2016-10-27,24.6941,24.6958,24.69,24.69,786
2016-10-28,24.64,24.72,24.64,24.7,1026
2016-10-31,24.65,24.73,24.6,24.71,1231
2016-11-01,24.71,24.71,24.71,24.71,151
2016-11-02,24.4201,24.4201,24.32,24.345,1678
2016-11-03,24.2456,24.2543,24.17,24.17,3170
2016-11-04,24.09,24.1,24.02,24.02,509
2016-11-07,24.34,24.44,24.304,24.4,2734
2016-11-08,24.5595,24.5595,24.5199,24.53,1117
2016-11-09,24.2964,24.61,24.2964,24.59,907
2016-11-10,24.75,24.75,24.36,24.4735,4650
2016-11-11,24.41,24.5368,24.41,24.4399,2693
2016-11-14,24.14,24.295,24.14,24.24,4757
2016-11-15,24.12,24.323,24.12,24.27,2093
2016-11-16,24.04,24.04,24.04,24.04,485
2016-11-17,24.05,24.14,24.035,24.06,4140
2016-11-18,23.95,23.95,23.84,23.88,1179
2016-11-21,24.11,24.11,23.9482,23.98,6078
2016-11-22,23.98,23.98,23.98,23.98,11
2016-11-23,23.86,23.86,23.7,23.7807,5713
2016-11-25,23.81,23.81,23.81,23.81,1050
2016-11-28,23.74,23.74,23.68,23.69,1338
2016-11-29,23.6455,23.9143,23.61,23.9143,1765
2016-11-30,23.8,23.8246,23.78,23.78,933
2016-12-01,23.62,23.6499,23.6,23.6,6300
2016-12-02,23.68,23.69,23.67,23.69,876
2016-12-05,23.95,24.3424,23.95,24.323,17153
2016-12-06,24.35,24.416,24.35,24.41,6928
2016-12-07,24.69,25.18,24.69,25.18,4387
2016-12-08,25.0,25.08,25.0,25.05,4399
2016-12-09,24.98,25.04,24.94,25.0392,4963
2016-12-12,25.0,25.0968,25.0,25.0967,1166
2016-12-13,25.24,25.38,25.24,25.3228,2203
2016-12-14,25.11,25.32,24.91,24.91,5218
2016-12-15,24.953,24.98,24.953,24.98,4313
2016-12-16,25.21,25.21,25.08,25.08,220
2016-12-19,25.24,25.24,25.02,25.0375,8491
2016-12-20,25.1,25.14,25.1,25.11,1634
2016-12-21,24.9252,24.94,24.89,24.89,5578
2016-12-22,24.93,24.93,24.88,24.88,405
2016-12-23,24.893,24.94,24.89,24.9211,2021
2016-12-27,24.79,25.01,24.79,24.97,9947
2016-12-28,24.8592,24.8605,24.7699,24.79,9527
2016-12-29,24.79,24.99,24.79,24.98,1465
2016-12-30,25.12,25.25,25.0915,25.1,2869
2017-01-03,25.1,25.11,25.0077,25.1,7903
2017-01-04,25.01,25.29,25.01,25.29,8107
2017-01-05,25.22,25.55,25.22,25.53,4891
2017-01-06,25.52,25.52,25.45,25.45,2465
2017-01-09,25.31,25.46,25.31,25.43,1403
2017-01-10,25.59,25.59,25.4201,25.4447,1259
2017-01-11,25.22,25.6507,25.22,25.65,1567
2017-01-12,25.6425,25.655,25.52,25.57,4788
2017-01-13,25.57,25.57,25.57,25.57,5
2017-01-17,25.74,25.7625,25.71,25.7197,15595
2017-01-18,25.7896,25.7896,25.7896,25.7896,577
2017-01-19,25.65,25.66,25.63,25.66,10567
2017-01-20,25.92,25.92,25.87,25.87,500
2017-01-23,25.8108,25.8444,25.77,25.83,6837
2017-01-24,25.8913,25.97,25.8913,25.97,208
2017-01-25,26.18,26.43,26.18,26.43,12967
2017-01-26,26.33,26.34,26.26,26.34,3083
2017-01-27,26.45,26.45,26.3,26.3,1055
2017-01-30,25.88,25.982,25.88,25.9701,5906
2017-01-31,26.0552,26.0552,25.94,25.96,910
2017-02-01,26.3,26.3,26.0748,26.15,5168
2017-02-02,26.24,26.24,26.24,26.24,200
2017-02-03,26.27,26.27,26.025,26.025,2330
2017-02-06,25.88,25.88,25.7,25.7,3447
2017-02-07,25.74,25.81,25.6969,25.72,2686
2017-02-08,25.7,25.734,25.6,25.7247,6680
2017-02-09,25.64,25.8888,25.64,25.8759,2789
2017-02-10,25.85,25.88,25.85,25.8536,1184
2017-02-13,26.23,26.23,26.0,26.0,5014
2017-02-14,25.97,25.97,25.97,25.97,822
2017-02-15,25.91,26.02,25.76,26.02,9946
2017-02-16,26.0703,26.0703,26.07,26.07,1542
2017-02-17,26.07,26.07,25.98,25.99,1300
2017-02-21,26.1,26.3,25.99,26.3,3964
2017-02-22,26.17,26.295,26.17,26.27,2564
2017-02-23,26.51,26.51,26.26,26.2875,3291
2017-02-24,25.95,26.01,25.9,25.989,12065
2017-02-27,26.14,26.1562,26.02,26.15,2531
2017-02-28,25.99,26.15,25.99,26.09,2991
2017-03-01,26.3701,26.5341,26.3701,26.52,1402
2017-03-02,26.3783,26.3783,26.31,26.31,837
2017-03-03,26.42,26.54,26.42,26.5094,662
2017-03-06,26.58,26.58,26.31,26.38,4600
2017-03-07,26.243,26.306,26.243,26.306,985
2017-03-08,26.23,26.2399,26.2,26.2,527
2017-03-09,26.46,26.5,26.3897,26.39,1277
2017-03-10,26.51,26.6,26.51,26.5999,2715
2017-03-13,26.6,26.6,26.6,26.6,1437
2017-03-14,26.5033,26.5033,26.44,26.44,1080
2017-03-15,26.44,26.79,26.44,26.79,977
2017-03-16,26.93,27.01,26.8908,27.01,9177
2017-03-17,27.11,27.11,27.01,27.0312,1311
2017-03-20,26.9,26.993,26.88,26.88,2265
2017-03-21,27.12,27.22,26.8412,26.8412,7604
2017-03-22,26.75,26.789,26.75,26.789,450
2017-03-23,26.7601,26.98,26.7601,26.98,5394
2017-03-24,27.03,27.0902,27.01,27.05,3034
2017-03-27,26.97,27.1299,26.97,27.124,1635
2017-03-28,27.16,27.32,27.16,27.32,2953
2017-03-29,27.3,27.3,27.2301,27.26,3989
2017-03-30,27.35,27.35,27.15,27.15,5986
2017-03-31,27.2156,27.3645,27.2156,27.33,1719
2017-04-03,27.35,27.36,27.1,27.24,3909
2017-04-04,27.1547,27.22,27.1547,27.2,2546
2017-04-05,27.18,27.19,26.98,26.98,3969
2017-04-06,27.05,27.05,26.98,26.99,1438
2017-04-07,26.94,26.94,26.8531,26.864,2270
2017-04-10,26.76,26.8692,26.76,26.8,1431
2017-04-11,26.86,26.86,26.68,26.8133,823
2017-04-12,26.77,26.77,26.77,26.77,184
2017-04-13,26.69,26.72,26.62,26.62,4934
2017-04-17,26.81,26.81,26.7705,26.7705,3416
2017-04-18,26.7,26.74,26.5979,26.74,2015
2017-04-19,26.7972,26.7972,26.7599,26.7599,1231
2017-04-20,26.86,26.905,26.841,26.8488,1039
2017-04-21,26.774,26.8,26.774,26.8,576
2017-04-24,27.98,28.1085,27.98,28.075,2435
2017-04-25,28.12,28.3156,28.12,28.3,5659
2017-04-26,28.15,28.2,28.07,28.15,5242
2017-04-27,28.16,28.16,28.035,28.035,636
2017-04-28,28.08,28.08,28.08,28.08,152
2017-05-01,28.68,28.68,28.245,28.29,11563
2017-05-02,28.28,28.37,28.23,28.37,4128
2017-05-03,28.33,28.33,28.2715,28.2715,804
2017-05-04,28.55,28.685,28.55,28.685,2815
2017-05-05,28.75,29.1299,28.75,29.1242,12859
2017-05-08,28.85,28.85,28.71,28.72,8086
2017-05-09,28.73,28.795,28.71,28.71,2237
2017-05-10,28.65,28.73,28.6101,28.6974,1743
2017-05-11,28.97,28.97,28.4907,28.605,3742
2017-05-12,28.7392,28.8864,28.7392,28.8305,936
2017-05-15,28.92,29.11,28.92,29.05,15437
2017-05-16,29.39,29.411,29.3283,29.3283,3501
2017-05-17,29.03,29.07,28.9021,28.9021,5695
2017-05-18,28.69,28.9628,28.69,28.9628,5419
2017-05-19,29.21,29.26,29.21,29.25,1613
2017-05-22,29.45,29.45,29.2508,29.3,4105
2017-05-23,29.4,29.4,29.2101,29.27,5750
2017-05-24,29.54,29.54,29.15,29.16,1814
2017-05-25,29.2156,29.259,29.2156,29.259,557
2017-05-26,29.0018,29.1108,29.0018,29.1108,3886
2017-05-30,29.45,29.45,29.0881,29.095,1475
2017-05-31,29.31,29.45,29.282,29.32,3322
2017-06-01,29.4,29.4,29.2757,29.4,6663
2017-06-02,29.68,29.96,29.68,29.94,13265
2017-06-05,30.1,30.1,29.66,29.69,9151
2017-06-06,29.73,29.73,29.5,29.5,4056
2017-06-07,29.56,29.56,29.4898,29.5325,2620
2017-06-08,29.49,29.49,29.3809,29.43,11323
2017-06-09,29.55,29.6,29.48,29.58,4434
2017-06-12,29.51,29.51,29.365,29.39,5623
2017-06-13,29.55,29.55,29.55,29.55,365
2017-06-14,30.08,30.08,29.6827,29.6827,2210
2017-06-15,29.3,29.3,29.1665,29.18,9861
2017-06-16,29.31,29.48,29.31,29.48,4370
2017-06-19,30.17,30.17,29.52,29.69,6259
2017-06-20,29.74,29.74,29.38,29.505,10643
2017-06-21,28.99,28.99,28.8499,28.96,27420
2017-06-22,29.07,29.07,28.8996,28.969,1574
2017-06-23,28.94,28.9439,28.8701,28.8701,4182
2017-06-26,29.26,29.26,28.97,29.035,3059
2017-06-27,29.14,29.14,28.97,28.98,11617
2017-06-28,29.0809,29.252,29.0809,29.252,11032
2017-06-29,29.28,29.28,28.72,28.72,5810
2017-06-30,28.7,28.7,28.6,28.6647,921
2017-07-03,28.74,28.8,28.7066,28.7066,2249
2017-07-05,28.8,28.8,28.585,28.6898,2098
2017-07-06,28.58,28.74,28.58,28.58,10809
2017-07-07,28.59,28.77,28.5445,28.77,3357
2017-07-10,28.77,28.8099,28.74,28.775,1039
2017-07-11,28.8699,28.961,28.8699,28.961,620
2017-07-12,29.12,29.3287,29.12,29.295,2919
2017-07-13,29.35,29.35,29.1701,29.25,3931
2017-07-14,29.335,29.4104,29.33,29.4104,7232
2017-07-17,29.21,29.285,29.21,29.285,2577
2017-07-18,29.17,29.17,29.1,29.1194,5698
2017-07-19,29.1,29.18,29.05,29.11,11132
2017-07-20,29.49,29.49,29.28,29.344,2630
2017-07-21,29.07,29.07,28.89,28.94,2722
2017-07-24,28.9,28.9,28.7401,28.88,2451
2017-07-25,29.05,29.05,28.91,28.9594,4623
2017-07-26,28.98,29.1642,28.98,29.1642,5416
2017-07-27,28.92,28.92,28.795,28.81,2200
2017-07-28,28.925,29.03,28.925,29.03,897
2017-07-31,29.03,29.03,28.93,29.0061,2619
2017-08-01,29.12,29.43,29.12,29.405,6687
2017-08-02,29.29,29.3697,29.242,29.25,2549
2017-08-03,29.34,29.34,29.15,29.24,3277
2017-08-04,29.35,29.35,29.27,29.35,25257
2017-08-07,29.33,29.33,29.2208,29.255,2038
2017-08-08,29.255,29.255,29.255,29.255,115
2017-08-09,28.89,29.0,28.87,28.9724,2306
2017-08-10,28.76,28.76,28.53,28.6,3497
2017-08-11,28.66,28.741,28.66,28.74,2704
2017-08-14,29.16,29.16,29.1309,29.1327,2564
2017-08-15,29.1,29.1,28.93,29.0,3516
2017-08-16,29.24,29.24,29.1528,29.16,2593
2017-08-17,29.19,29.19,28.99,28.995,7137
2017-08-18,28.97,29.088,28.8901,28.9701,29120
2017-08-21,29.0,29.0,28.89,28.8992,2674
2017-08-22,29.12,29.16,29.1001,29.141,3494
2017-08-23,29.2162,29.26,29.1213,29.26,7448
2017-08-24,29.26,29.268,29.175,29.18,5302
2017-08-25,29.35,29.4785,29.2561,29.3456,1947
2017-08-28,29.5,29.5,29.5,29.5,232
2017-08-29,29.14,29.205,29.09,29.1658,7062
2017-08-30,29.1,29.1,29.0001,29.0786,6261
2017-08-31,29.15,29.168,29.01,29.139,8307
2017-09-01,29.21,29.359,29.21,29.273,2216
2017-09-05,29.47,29.47,29.205,29.26,7370
2017-09-06,29.5,29.75,29.5,29.7045,5982
2017-09-07,30.0,30.11,29.98,30.09,11675
2017-09-08,29.91,30.044,29.91,30.044,5447
2017-09-11,30.38,30.38,30.26,30.38,3160
2017-09-12,30.16,30.49,30.16,30.44,8080
2017-09-13,30.305,30.33,30.26,30.305,5031
2017-09-14,30.2269,30.2269,30.2269,30.2269,416
2017-09-15,30.377,30.41,30.349,30.349,2758
2017-09-18,30.52,30.52,30.4314,30.45,18254
2017-09-19,30.61,30.62,30.53,30.62,4619
2017-09-20,30.6,30.6,30.41,30.41,11752
2017-09-21,30.556,30.59,30.5056,30.59,1835
2017-09-22,30.563,30.61,30.563,30.61,2789
2017-09-25,30.41,30.4113,30.216,30.28,4762
2017-09-26,30.28,30.28,30.11,30.1516,5271
2017-09-27,30.09,30.27,30.09,30.27,8349
2017-09-28,30.35,30.48,30.32,30.4301,17214
2017-09-29,30.531,30.799,30.531,30.721,3502
2017-10-02,30.74,30.77,30.6689,30.77,2289
2017-10-03,30.8399,30.86,30.7672,30.8593,8260
2017-10-04,30.95,30.95,30.8583,30.91,2316
2017-10-05,30.87,30.87,30.791,30.8322,2343
2017-10-06,30.88,30.89,30.7256,30.856,17758
2017-10-09,30.94,30.94,30.84,30.85,3800
2017-10-10,31.06,31.06,30.932,30.932,1392
2017-10-11,31.21,31.22,31.0974,31.1596,2497
2017-10-12,31.26,31.26,31.1608,31.1608,1665
2017-10-13,31.33,31.33,31.17,31.17,8641
2017-10-16,31.47,31.47,30.99,31.0716,17838
2017-10-17,31.13,31.13,31.0,31.1011,2929
2017-10-18,31.3,31.3,31.13,31.27,1750
2017-10-19,31.04,31.4,31.04,31.2122,7459
2017-10-20,31.14,31.14,31.0,31.09,3542
2017-10-23,31.09,31.09,30.952,30.975,4822
2017-10-24,31.19,31.19,30.95,30.95,4644
2017-10-25,31.05,31.17,30.99,31.0438,2846
2017-10-26,31.03,31.1797,31.02,31.15,3853
2017-10-27,31.19,31.348,31.0301,31.0801,13163
2017-10-30,31.26,31.26,31.21,31.237,5051
2017-10-31,31.32,31.548,31.32,31.495,13549
2017-11-01,31.5,31.85,31.5,31.75,10495
2017-11-02,31.8,31.9115,31.8,31.9115,8833
2017-11-03,31.81,31.84,31.75,31.78,2260
2017-11-06,31.76,31.78,31.7072,31.78,4756
2017-11-07,31.63,31.63,31.345,31.47,11544
2017-11-08,31.56,31.59,31.345,31.59,2205
2017-11-09,31.23,31.23,31.055,31.2,5255
2017-11-10,31.22,31.22,31.0,31.0578,2588
2017-11-13,30.84,30.9668,30.7,30.9668,3439
2017-11-14,31.065,31.29,31.03,31.29,2717
2017-11-15,30.67,31.13,30.67,30.952,8081
2017-11-16,31.22,31.2901,31.151,31.2901,3440
2017-11-17,31.21,31.21,31.0229,31.1499,2744
2017-11-20,31.25,31.25,31.04,31.093,2769
2017-11-21,31.15,31.446,31.15,31.42,7576
2017-11-22,31.4,31.46,30.911,31.09,5217
2017-11-24,31.68,31.68,31.68,31.68,177633
2017-11-27,31.43,31.49,31.3857,31.4024,5152
2017-11-28,31.5,31.59,31.392,31.59,13729
2017-11-29,31.72,31.72,31.42,31.43,2058
2017-11-30,31.7,31.7,31.42,31.42,13596
2017-12-01,31.51,31.51,31.051,31.228,5682
2017-12-04,31.58,31.58,31.36,31.49,8393
2017-12-05,31.31,31.312,31.19,31.19,8998
2017-12-06,31.08,31.15,31.0,31.1064,3894
2017-12-07,31.07,31.3192,31.03,31.3192,1788
2017-12-08,31.51,31.51,31.305,31.46,5617
2017-12-11,31.47,31.47,31.41,31.41,1340
2017-12-12,31.26,31.35,31.19,31.322,13851
2017-12-13,31.34,31.372,31.251,31.372,1966
2017-12-14,31.47,31.47,31.142,31.18,6760
2017-12-15,31.33,31.37,31.18,31.208,4623
2017-12-18,31.66,31.9,31.66,31.77,9482
2017-12-19,31.92,31.92,31.63,31.81,4026
2017-12-20,31.94,31.94,31.4,31.77,2177
2017-12-21,31.52,31.549,31.29,31.486,1172
2017-12-22,31.48,31.48,31.31,31.417,5834
2017-12-26,31.51,31.51,31.361,31.361,2128
2017-12-27,31.535,31.54,31.434,31.434,3903
2017-12-28,31.52,31.57,31.52,31.55,882
2017-12-29,31.36,31.59,31.34,31.59,5692
2018-01-02,31.41,31.531,31.327,31.462,3915
2018-01-03,31.64,31.73,31.55,31.695,9517
2018-01-04,32.1,32.369,32.1,32.24,10737
2018-01-05,32.45,32.6,32.41,32.596,21572
2018-01-08,32.75,32.75,32.38,32.5,75596
2018-01-09,32.54,32.54,32.34,32.41,4332
2018-01-10,32.37,32.37,32.16,32.19,7622
2018-01-11,32.32,32.33,32.2,32.3,4942
2018-01-12,32.6,32.78,32.5,32.7,21889
2018-01-16,33.04,33.04,32.704,32.81,13447
2018-01-17,32.83,32.895,32.65,32.83,2354
2018-01-18,32.79,33.057,32.79,33.025,4428
2018-01-19,33.39,33.45,33.295,33.45,4541
2018-01-22,33.57,33.57,33.341,33.55,44981
2018-01-23,33.67,33.82,33.67,33.795,8692
2018-01-24,33.96,34.0,33.655,33.8,15446
2018-01-25,33.81,33.82,33.5,33.59,19606
2018-01-26,33.65,33.7,33.62,33.644,32435
2018-01-29,33.51,33.528,33.305,33.39,4844
2018-01-30,33.28,33.304,33.13,33.16,13171
2018-01-31,33.42,33.42,33.17,33.17,5121
2018-02-01,32.75,33.0,32.75,32.98,12032
2018-02-02,32.56,32.57,32.16,32.16,23343
2018-02-05,32.0,32.07,30.68,30.93,32127
2018-02-06,30.84,31.74,30.84,31.69,21879
2018-02-07,31.69,31.69,31.155,31.31,21625
2018-02-08,31.13,31.13,30.2,30.2,20317
2018-02-09,30.29,30.434,29.67,30.434,15853
2018-02-12,30.69,30.852,30.567,30.79,12324
2018-02-13,30.78,30.789,30.69,30.789,2362
2018-02-14,30.42,31.44,30.42,31.33,8796
2018-02-15,31.39,31.45,31.304,31.43,15718
2018-02-16,31.17,31.55,31.17,31.55,8744
2018-02-20,31.23,31.27,31.1,31.1,6088
2018-02-21,31.1,31.34,30.911,30.92,4686
2018-02-22,30.93,31.06,30.89,31.06,2930
2018-02-23,31.28,31.39,31.13,31.39,8059
2018-02-26,31.25,31.42,31.15,31.35,23441
2018-02-27,31.31,31.31,30.905,30.905,3415
2018-02-28,30.89,30.89,30.56,30.56,6164
2018-03-01,30.38,30.38,29.86,29.96,9347
2018-03-02,29.51,30.07,29.51,30.07,72592
2018-03-05,30.14,30.418,29.915,30.417,8433
2018-03-06,30.66,30.66,30.492,30.56,20873
2018-03-07,30.63,30.75,30.62,30.745,6451
2018-03-08,30.89,30.89,30.781,30.815,9579
2018-03-09,30.805,30.835,30.775,30.835,2038
2018-03-12,30.88,31.011,30.88,31.011,5088
2018-03-13,31.02,31.03,30.62,30.62,1700
2018-03-14,30.99,30.99,30.67,30.67,2402
2018-03-15,30.721,30.865,30.71,30.865,1822
2018-03-16,30.81,30.81,30.81,30.81,328
2018-03-19,30.72,30.72,30.43,30.53,3281
2018-03-20,30.51,30.661,30.51,30.616,2049
2018-03-21,30.57,30.68,30.55,30.59,12540
2018-03-22,30.16,30.21,30.01,30.011,4756
2018-03-23,30.06,30.06,29.54,29.55,10967
2018-03-26,29.88,30.15,29.74,30.15,7372
2018-03-27,29.98,30.189,29.83,29.83,12366
2018-03-28,29.71,30.0,29.671,29.87,6444
2018-03-29,30.24,30.24,30.24,30.24,801
2018-04-02,30.26,30.26,29.52,29.78,4415
2018-04-03,29.86,29.98,29.78,29.98,2053
2018-04-04,29.47,30.01,29.47,30.01,2474
2018-04-05,30.41,30.51,30.36,30.51,9589
2018-04-06,30.31,30.49,30.3,30.31,3485
2018-04-09,30.68,30.68,30.68,30.68,107
2018-04-10,31.03,31.03,30.92,30.92,1700
2018-04-11,31.04,31.04,30.69,30.7,1949
2018-04-12,30.86,31.005,30.86,30.988,4976
2018-04-13,30.98,31.05,30.94,31.05,1783
2018-04-16,31.08,31.165,31.08,31.115,2406
2018-04-17,31.25,31.535,31.25,31.49,6478
2018-04-18,31.53,31.62,31.52,31.54,2832
2018-04-19,31.38,31.405,31.25,31.32,2039
2018-04-20,31.12,31.19,31.1,31.12,798
2018-04-23,31.2,31.2,31.04,31.095,5431
2018-04-24,31.16,31.16,30.73,30.73,1770
2018-04-25,30.52,30.57,30.43,30.57,3047
2018-04-26,30.56,30.64,30.56,30.64,1205
2018-04-27,30.94,30.94,30.94,30.94,213
2018-04-30,30.78,30.8,30.68,30.68,1714
2018-05-01,30.75,30.75,30.41,30.44,15198
2018-05-02,31.02,31.084,30.998,31.084,1842
2018-05-03,30.886,30.949,30.66,30.949,5654
2018-05-04,30.995,31.03,30.915,31.02,8314
2018-05-07,31.15,31.225,31.15,31.16,2273
2018-05-08,30.91,30.91,30.91,30.91,707
2018-05-09,30.91,31.14,30.91,31.095,1788
2018-05-10,31.25,31.35,31.25,31.35,3046
2018-05-11,31.429,31.429,31.28,31.34,677
2018-05-14,31.356,31.439,31.24,31.317,3267
2018-05-15,30.95,31.137,30.871,31.07,1574
2018-05-16,30.97,31.06,30.955,31.02,2871
2018-05-17,31.27,31.29,31.11,31.17,4124
2018-05-18,31.08,31.08,31.02,31.02,5187
2018-05-21,31.349,31.349,31.2,31.25,3069
2018-05-22,31.4,31.4,31.3,31.33,1754
2018-05-23,30.71,30.71,30.49,30.691,9566
2018-05-24,30.5,30.5,30.36,30.4633,3233
2018-05-25,30.41,30.43,30.41,30.43,410
2018-05-29,29.85,29.85,29.41,29.5,7032
2018-05-30,30.0,30.22,29.81,30.22,3568
2018-05-31,29.86,29.87,29.71,29.71,13412
2018-06-01,30.13,30.14,29.95,30.0,4551
2018-06-04,30.12,30.196,30.12,30.18,5568
2018-06-05,30.39,30.39,30.18,30.237,2110
2018-06-06,30.31,30.595,30.31,30.588,5191
2018-06-07,30.54,30.54,30.28,30.29,1101
2018-06-08,30.3,30.43,30.235,30.42,3150
2018-06-11,30.37,30.66,30.36,30.61,2026
2018-06-12,30.59,30.59,30.59,30.59,1038
2018-06-13,30.57,30.57,30.56,30.56,1144
2018-06-14,30.59,30.85,30.59,30.74,2266
2018-06-15,30.51,30.555,30.51,30.55,47507
2018-06-18,29.99,30.11,29.99,30.095,948
2018-06-19,29.49,29.789,29.49,29.778,10445
2018-06-20,29.34,29.416,29.29,29.38,6099
2018-06-21,29.18,29.18,29.0,29.01,3180
2018-06-22,29.17,29.36,29.12,29.36,521
2018-06-25,28.96,28.96,28.64,28.79,1296
2018-06-26,28.59,28.668,28.46,28.6,5868
2018-06-27,28.62,28.8,28.45,28.45,5745
2018-06-28,28.097,28.27,28.071,28.27,2873
2018-06-29,28.69,28.78,28.65,28.71,3304
2018-07-02,28.32,28.565,28.32,28.565,1909
2018-07-03,28.92,28.92,28.654,28.654,2317
2018-07-05,29.08,29.17,29.02,29.138,6666
2018-07-06,29.15,29.25,29.15,29.22,3951
2018-07-09,29.37,29.46,29.37,29.43,3475
2018-07-10,29.53,29.6,29.51,29.582,6335
2018-07-11,29.21,29.21,28.92,28.96,9166
2018-07-12,28.99,29.16,28.99,29.16,6950
2018-07-13,29.09,29.09,29.09,29.09,175
2018-07-16,29.31,29.405,29.31,29.405,4261
2018-07-17,29.367,29.57,29.367,29.57,3984
2018-07-18,29.58,29.68,29.58,29.61,10377
2018-07-19,29.48,29.48,29.365,29.44,1936
2018-07-20,29.21,29.37,29.21,29.37,4695
2018-07-23,29.27,29.37,29.27,29.37,1618
2018-07-24,29.65,29.73,29.54,29.54,2368
2018-07-25,29.44,29.44,29.24,29.35,1782
2018-07-26,29.88,29.88,29.792,29.8,4026
2018-07-27,30.0,30.0,29.78,29.81,3704
2018-07-30,29.947,29.947,29.91,29.91,1829
2018-07-31,29.925,29.95,29.87,29.92,8303
2018-08-01,29.78,29.78,29.608,29.608,734
2018-08-02,29.11,29.16,29.062,29.15,2701
2018-08-03,29.22,29.22,29.18,29.2,2002
2018-08-06,29.01,29.083,28.95,29.083,2138
2018-08-07,29.44,29.44,29.28,29.28,411
2018-08-08,29.28,29.28,29.22,29.24,1452
2018-08-09,29.24,29.24,29.24,29.24,150
2018-08-10,28.47,28.47,28.2,28.2,4506
2018-08-13,28.18,28.3,28.125,28.125,5161
2018-08-14,28.05,28.2,28.01,28.2,5579
2018-08-15,27.61,27.64,27.46,27.64,1965
2018-08-16,27.67,27.85,27.67,27.85,5423
2018-08-17,27.8,28.06,27.8,28.06,1211
2018-08-20,28.19,28.22,28.19,28.22,912
2018-08-21,28.58,28.618,28.519,28.618,2511
2018-08-22,28.7,28.7,28.7,28.7,247
2018-08-23,28.68,28.68,28.6,28.6,724
2018-08-24,28.67,28.83,28.67,28.782,2849
2018-08-27,28.97,29.22,28.97,29.19,1911
2018-08-28,29.34,29.34,29.34,29.34,188
2018-08-29,29.23,29.38,29.23,29.38,4851
2018-08-30,29.16,29.17,29.06,29.17,901
2018-08-31,28.81,28.81,28.45,28.45,8988
2018-09-04,28.24,28.273,28.14,28.273,2665
2018-09-05,28.19,28.19,28.027,28.037,1239
2018-09-06,28.017,28.017,27.75,27.76,1264
2018-09-07,27.63,27.63,27.5,27.57,1727
2018-09-10,27.845,27.845,27.79,27.79,1622
2018-09-11,27.56,27.98,27.56,27.98,5022
2018-09-12,27.93,28.014,27.88,27.925,4129
2018-09-13,28.23,28.29,28.225,28.28,8199
2018-09-14,28.36,28.36,28.11,28.18,1940
2018-09-17,28.22,28.26,28.13,28.13,2565
2018-09-18,28.26,28.47,28.26,28.47,4406
2018-09-19,28.43,28.542,28.43,28.501,1551
2018-09-20,28.93,29.118,28.93,29.118,900
2018-09-21,29.118,29.118,29.118,29.118,113
2018-09-24,29.12,29.12,29.0,29.06,1900
2018-09-25,29.115,29.115,29.031,29.031,1725
2018-09-26,29.068,29.081,29.068,29.081,561
2018-09-27,28.88,28.99,28.88,28.9,1183
2018-09-28,28.22,28.49,28.22,28.49,8534
2018-10-01,28.65,28.65,28.505,28.505,2679
2018-10-02,28.16,28.37,28.16,28.37,2165
2018-10-03,28.5,28.54,28.46,28.54,1442
2018-10-04,28.3,28.39,28.01,28.185,3289
2018-10-05,27.74,27.76,27.74,27.76,480
2018-10-08,27.36,27.46,27.3,27.32,4709
2018-10-09,27.25,27.51,27.25,27.49,752
2018-10-10,27.15,27.15,26.868,26.931,2443
2018-10-11,26.85,26.85,26.53,26.665,1640
2018-10-12,26.621,26.621,26.49,26.49,541
2018-10-15,26.85,26.85,26.85,26.85,312
2018-10-16,27.11,27.25,27.11,27.25,1264
2018-10-17,27.11,27.11,27.11,27.11,416
2018-10-18,26.66,26.781,26.35,26.35,2322
2018-10-19,26.467,26.62,26.467,26.575,2129
2018-10-22,26.51,26.51,26.342,26.37,828
2018-10-23,25.8,26.116,25.791,26.116,1613
2018-10-24,25.737,25.76,25.242,25.242,1158
2018-10-25,25.38,25.749,25.37,25.749,1974
2018-10-26,25.29,25.615,25.16,25.615,3612
2018-10-29,25.84,25.84,25.511,25.511,727
2018-10-30,25.5,25.62,25.5,25.51,5704
2018-10-31,26.0,26.0,25.8,25.8,4742
2018-11-01,26.03,26.06,26.03,26.06,1479
2018-11-02,26.43,26.568,26.43,26.568,1142
2018-11-05,26.3,26.3,26.14,26.18,2239
2018-11-06,26.08,26.26,26.08,26.26,2152
2018-11-07,26.523,26.6,26.48,26.525,2350
2018-11-08,26.35,26.35,26.27,26.27,2602
2018-11-09,26.003,26.1,26.0,26.1,2110
2018-11-12,25.78,25.78,25.397,25.397,2386
2018-11-13,26.01,26.01,25.655,25.655,909
2018-11-14,25.99,25.99,25.65,25.86,823
2018-11-15,25.775,25.86,25.775,25.84,2480
2018-11-16,25.785,25.881,25.78,25.881,702
2018-11-19,25.81,25.81,25.81,25.81,2838
2018-11-20,25.11,25.35,25.11,25.35,2339
2018-11-21,25.35,25.525,25.35,25.525,7599
2018-11-23,25.28,25.3,25.28,25.3,1844
2018-11-26,25.67,25.7,25.67,25.69,3183
2018-11-27,25.5,25.5,25.5,25.5,335
2018-11-28,25.46,25.841,25.46,25.841,4045
2018-11-29,25.754,25.78,25.72,25.78,2095
2018-11-30,25.48,25.61,25.48,25.54,2285
2018-12-03,26.09,26.09,25.96,25.966,1215
2018-12-04,25.365,25.443,25.2,25.2,3679
2018-12-06,24.86,24.91,24.56,24.91,9550
2018-12-07,24.9,24.901,24.444,24.444,5665
2018-12-10,24.3,24.39,24.19,24.35,2383
2018-12-11,24.579,24.579,24.398,24.398,1221
2018-12-12,24.64,24.874,24.64,24.86,13356
2018-12-13,24.8,24.928,24.59,24.59,23929
2018-12-14,24.59,24.6,24.553,24.553,2425
2018-12-17,24.34,24.51,23.98,23.98,13689
2018-12-18,24.44,24.55,24.44,24.467,4784
2018-12-19,24.57,24.78,24.236,24.236,5001
2018-12-20,24.14,24.29,24.095,24.095,4060
2018-12-21,24.12,24.22,24.0,24.0,6025
2018-12-24,23.65,23.838,23.537,23.537,4280
2018-12-26,23.547,23.64,23.41,23.64,6551
2018-12-27,23.73,23.75,23.54,23.75,2892
2018-12-28,23.89,23.89,23.53,23.53,6877
2018-12-31,24.0,24.0,23.5204,23.62,5484
2019-01-02,23.522,23.57,23.42,23.55,3688
2019-01-03,23.49,23.49,23.21,23.25,7037
2019-01-04,23.58,24.188,23.58,24.188,2614
2019-01-07,24.18,24.18,24.042,24.14,3361
2019-01-08,24.33,24.43,24.228,24.35,3613
2019-01-09,24.639,24.73,24.57,24.73,2971
2019-01-10,24.62,24.658,24.4,24.57,11187
2019-01-11,24.407,24.426,24.39,24.39,665
2019-01-14,24.23,24.46,24.18,24.46,3386
2019-01-15,24.39,24.45,24.39,24.45,691
2019-01-16,24.46,24.46,24.46,24.46,116
2019-01-17,24.35,24.35,24.35,24.35,351
2019-01-18,24.98,24.98,24.787,24.979,2337
2019-01-22,24.7,24.7,24.31,24.665,5560
2019-01-23,24.87,24.9,24.59,24.665,6965
2019-01-24,24.62,24.716,24.62,24.69,1088
2019-01-25,25.08,25.23,25.08,25.16,4006
2019-01-28,25.17,25.17,25.17,25.17,581
2019-01-29,25.13,25.16,25.13,25.16,1242
2019-01-30,25.14,25.14,24.83,24.998,2928
2019-01-31,25.03,25.1,25.03,25.1,748
2019-02-01,25.1,25.1,25.0,25.042,6117
2019-02-04,24.88,25.06,24.84,25.06,4611
2019-02-05,25.23,25.4,25.23,25.4,1787
2019-02-06,25.4,25.4,25.4,25.4,50
2019-02-07,24.81,24.81,24.5,24.57,7966
2019-02-08,24.36,24.36,24.19,24.339,5186
2019-02-11,24.24,24.355,24.19,24.32,1129
2019-02-12,24.613,24.765,24.613,24.765,1052
2019-02-13,24.91,24.91,24.68,24.68,3268
2019-02-14,24.45,24.639,24.45,24.599,1055
2019-02-15,24.95,25.0,24.914,25.0,2529
2019-02-19,24.88,25.23,24.88,25.19,4394
2019-02-20,25.365,25.435,25.365,25.435,594
2019-02-21,25.28,25.29,25.28,25.29,742
2019-02-22,25.29,25.29,25.29,25.29,149
2019-02-25,25.29,25.29,25.29,25.29,229
2019-02-26,25.52,25.792,25.52,25.792,2080
2019-02-27,25.675,25.675,25.595,25.614,1535
2019-02-28,25.69,25.73,25.0,25.0,1372
2019-03-01,25.941,25.953,25.85,25.873,1339
2019-03-04,25.91,25.91,25.612,25.7,2785
2019-03-05,25.731,25.731,25.7,25.7,460
2019-03-06,25.78,25.78,25.65,25.66,713
2019-03-07,25.24,25.3,25.23,25.231,7401
2019-03-08,25.191,25.191,25.191,25.191,423
2019-03-11,25.34,25.345,25.331,25.34,2452
2019-03-12,25.56,25.56,25.44,25.45,2067
2019-03-13,25.5,25.65,25.5,25.65,3568
2019-03-14,25.71,25.71,25.61,25.66,1951
2019-03-15,25.91,25.91,25.8604,25.9071,1241
2019-03-18,25.96,25.96,25.81,25.93,2446
2019-03-19,26.17,26.2499,26.12,26.15,1297
2019-03-20,25.865,25.865,25.83,25.845,574
2019-03-21,25.64,25.67,25.64,25.67,526
2019-03-22,25.33,25.379,25.12,25.12,2629
2019-03-25,25.2,25.2,25.039,25.039,1316
2019-03-26,25.039,25.039,25.039,25.039,16
2019-03-27,25.09,25.202,25.09,25.18,2439
2019-03-28,25.18,25.29,25.07,25.23,45306
2019-03-29,25.35,25.39,25.211,25.39,4691
2019-04-01,25.71,25.71,25.645,25.658,76603
2019-04-02,25.82,25.84,25.743,25.84,1554
2019-04-03,26.1,26.285,26.1,26.285,3454
2019-04-04,26.383,26.442,26.276,26.34,9890
2019-04-05,26.29,26.359,26.29,26.32,702
2019-04-08,26.51,26.51,26.33,26.34,1666
2019-04-09,26.29,26.29,26.17,26.17,1826
2019-04-10,26.316,26.316,26.301,26.301,443
2019-04-11,26.25,26.322,26.25,26.303,2922
2019-04-12,26.56,26.658,26.5,26.6,2377
2019-04-15,26.57,26.649,26.542,26.649,2559
2019-04-16,26.75,26.82,26.75,26.8,658
2019-04-17,26.9,26.949,26.85,26.85,583
2019-04-18,26.865,26.97,26.865,26.97,5036
2019-04-22,27.1,27.1,26.976,26.99,6916
2019-04-23,26.786,26.875,26.786,26.875,889
2019-04-24,26.88,26.975,26.84,26.891,5563
2019-04-25,26.73,26.87,26.73,26.83,22213
2019-04-26,26.91,26.9697,26.8655,26.9688,11947
2019-04-29,26.96,27.0,26.868,26.969,24489
2019-04-30,26.94,27.143,26.94,27.126,5247
2019-05-01,27.23,27.23,27.0,27.0,1826
2019-05-02,27.005,27.101,26.891,26.95,5947
2019-05-03,27.0,27.21,27.0,27.21,2220
2019-05-06,26.58,26.929,26.58,26.92,5142
2019-05-07,26.59,26.59,26.35,26.429,2274
2019-05-08,26.67,26.765,26.67,26.675,1650
2019-05-09,26.313,26.526,26.313,26.526,3848
2019-05-10,26.49,26.64,26.49,26.64,874
2019-05-13,26.08,26.14,26.06,26.061,2487
2019-05-14,26.276,26.309,26.276,26.309,923
2019-05-15,26.505,26.505,26.505,26.505,205
2019-05-16,26.8,26.82,26.8,26.82,780
2019-05-17,26.6,26.604,26.572,26.572,763
2019-05-20,26.13,26.306,26.13,26.21,1997
2019-05-21,26.38,26.445,26.38,26.385,2038
2019-05-22,26.385,26.385,26.385,26.385,80
2019-05-23,26.0,26.056,25.914,26.054,6742
2019-05-24,26.054,26.054,26.054,26.054,40
2019-05-28,26.166,26.166,26.061,26.1,1550
2019-05-29,25.66,25.799,25.374,25.449,3761
2019-05-30,25.72,25.924,25.72,25.801,6769
2019-05-31,25.5,27.19,25.47,27.19,6987
2019-06-03,25.66,25.83,25.65,25.825,10660
2019-06-04,26.15,26.1662,25.89,26.09,10438
2019-06-05,26.116,26.116,26.116,26.116,100
2019-06-06,26.326,26.326,26.326,26.326,406
2019-06-07,26.55,26.6,26.2233,26.54,5323
2019-06-10,26.61,26.76,26.61,26.75,901
2019-06-11,26.85,26.887,26.795,26.887,3030
2019-06-12,26.78,26.78,26.359,26.693,614
2019-06-13,26.52,26.661,26.48,26.48,1215
2019-06-14,26.363,26.363,26.363,26.363,105
2019-06-17,26.429,26.429,26.429,26.429,349
2019-06-18,26.87,26.947,26.808,26.816,1426
2019-06-19,26.94,27.0,26.94,26.94,1313
2019-06-20,27.25,27.26,27.16,27.16,2830
2019-06-21,26.999,27.18,26.999,27.15,5016
2019-06-24,27.233,27.233,27.15,27.154,716
2019-06-25,27.114,27.114,27.04,27.04,685
2019-06-26,27.154,27.154,27.085,27.085,513
2019-06-27,26.688,26.688,26.45,26.45,2047
2019-06-28,26.876,26.876,26.5,26.5,9449
2019-07-01,27.05,27.095,26.85,26.85,3608
2019-07-02,26.88,26.89,26.88,26.89,824
2019-07-03,27.175,27.203,27.08,27.13,1665
2019-07-05,26.92,26.92,26.74,26.74,1396
2019-07-08,26.79,26.79,26.62,26.72,2484
2019-07-09,26.55,26.597,26.5,26.56,3266
2019-07-10,26.635,26.635,26.42,26.519,1675
2019-07-11,26.42,26.42,26.42,26.42,132
2019-07-12,26.345,26.345,26.345,26.345,162
2019-07-15,26.49,26.601,26.485,26.57,3682
2019-07-16,26.439,26.583,26.439,26.583,936
2019-07-17,26.583,26.583,26.583,26.583,38
2019-07-18,26.583,26.583,26.583,26.583,84
2019-07-19,26.13,26.27,26.01,26.27,5478
2019-07-22,26.21,26.26,26.14,26.21,4199
2019-07-23,26.47,26.56,26.47,26.519,3241
2019-07-24,26.55,26.653,26.522,26.525,1854
2019-07-25,26.57,26.6,26.16,26.22,8239
2019-07-26,26.21,26.317,26.13,26.13,8361
2019-07-29,26.34,26.41,26.32,26.41,3264
2019-07-30,25.72,25.829,25.645,25.829,2791
2019-07-31,25.82,25.882,25.27,25.27,3452
2019-08-01,25.4,25.69,25.4,25.528,1338
2019-08-02,25.528,25.528,25.528,25.528,132
2019-08-05,24.82,24.885,24.64,24.64,4916
2019-08-06,24.86,24.98,24.623,24.67,3195
2019-08-07,24.69,24.994,24.68,24.896,5512
2019-08-08,25.04,25.305,25.04,25.07,2895
2019-08-09,24.9,25.15,24.9,25.15,2516
2019-08-12,24.942,24.942,24.892,24.892,669
2019-08-13,24.71,25.059,24.71,25.01,1692
2019-08-14,24.5,24.5,24.15,24.15,3868
2019-08-15,24.09,24.09,24.047,24.08,2386
2019-08-16,24.2114,24.37,24.2114,24.37,1446
2019-08-19,24.76,24.816,24.689,24.78,2657
2019-08-20,24.576,24.576,24.546,24.546,1425
2019-08-21,24.87,24.913,24.87,24.913,685
2019-08-22,24.88,24.88,24.812,24.812,232
2019-08-23,24.605,24.74,24.605,24.656,2477
2019-08-26,24.62,24.633,24.5,24.542,5843
2019-08-27,24.8,24.846,24.67,24.777,2105
2019-08-28,24.46,24.685,24.46,24.685,1487
2019-08-29,24.787,24.858,24.787,24.858,408
2019-08-30,25.092,25.228,25.04,25.22,9828
2019-09-03,24.89,24.89,24.75,24.861,1672
2019-09-04,25.052,25.25,25.052,25.15,6197
2019-09-05,25.59,25.6,25.39,25.598,7800
2019-09-06,25.598,25.598,25.598,25.598,86
2019-09-09,25.602,25.605,25.602,25.605,1187
2019-09-10,25.605,25.605,25.605,25.605,0
2019-09-11,25.78,25.78,25.78,25.78,432
2019-09-12,25.94,26.116,25.94,26.116,2081
2019-09-13,26.22,26.28,26.22,26.28,1700
2019-09-16,26.06,26.13,25.95,26.038,9200
2019-09-17,26.015,26.015,25.988,25.988,400
2019-09-18,26.0,26.0,26.0,26.0,300
2019-09-19,26.19,26.2,26.04,26.04,2385
2019-09-20,26.04,26.04,26.04,26.04,9
2019-09-23,25.676,25.676,25.676,25.676,3152
2019-09-24,25.79,25.79,25.75,25.75,3680
2019-09-25,25.5,25.568,25.4,25.43,1934
2019-09-26,25.54,25.64,25.54,25.64,720
2019-09-27,25.816,25.816,25.625,25.625,630
2019-09-30,25.74,25.77,25.61,25.61,1088
2019-10-01,25.669,25.737,25.669,25.737,1028
2019-10-02,25.15,25.15,24.83,24.89,6421
2019-10-03,24.68,25.2,24.68,25.2,1202
2019-10-04,25.03,25.03,24.935,24.935,1556
2019-10-07,25.11,25.11,25.11,25.11,685
2019-10-08,25.07,25.07,24.92,24.96,2269
2019-10-09,25.208,25.208,25.208,25.208,124
2019-10-10,25.26,25.407,25.26,25.407,539
2019-10-11,26.06,26.311,26.06,26.1,4824
2019-10-14,26.243,26.243,26.243,26.243,751
2019-10-15,26.2,26.592,26.2,26.48,2993
2019-10-16,26.5,26.6,26.48,26.6,1147
2019-10-17,26.84,26.896,26.84,26.896,529
2019-10-18,26.75,26.85,26.655,26.85,1389
2019-10-21,27.08,27.156,27.08,27.11,3880
2019-10-22,27.01,27.03,26.82,26.82,871
2019-10-23,27.138,27.138,27.138,27.138,272
2019-10-24,27.14,27.2,27.127,27.13,821
2019-10-25,27.13,27.13,27.13,27.13,254
2019-10-28,27.26,27.46,27.26,27.349,3431
2019-10-29,27.1,27.26,27.1,27.26,1807
2019-10-30,27.26,27.35,27.26,27.35,1355
2019-10-31,27.35,27.35,27.35,27.35,86
2019-11-01,27.47,27.64,27.44,27.64,3485
2019-11-04,27.92,28.026,27.716,27.716,6579
2019-11-05,27.74,27.75,27.521,27.748,6548
2019-11-06,27.708,27.808,27.708,27.808,444
2019-11-07,27.94,28.017,27.9,27.96,7262
2019-11-08,27.77,27.82,27.6,27.81,6479
2019-11-11,27.6,27.6,27.54,27.56,1406
2019-11-12,27.79,27.795,27.75,27.75,1612
2019-11-13,27.73,27.73,27.73,27.73,1792
2019-11-14,27.62,27.739,27.53,27.655,3091
2019-11-15,27.79,27.862,27.79,27.862,1135
2019-11-18,27.73,27.805,27.7,27.805,2892
2019-11-19,27.886,27.886,27.86,27.86,3068
2019-11-20,27.6,27.801,27.58,27.68,2161
2019-11-21,27.6,27.685,27.6,27.685,220
2019-11-22,27.76,27.76,27.639,27.655,1259
2019-11-25,27.63,27.818,27.63,27.69,3772
2019-11-26,27.76,27.79,27.652,27.75,2159
2019-11-27,27.716,27.823,27.716,27.78,1376
2019-11-29,27.76,27.76,27.7,27.7,142
2019-12-02,27.52,27.52,27.23,27.325,1728
2019-12-03,27.41,27.46,27.41,27.46,503
2019-12-04,27.7,27.799,27.69,27.69,2097
2019-12-05,27.655,27.659,27.61,27.61,865
2019-12-06,27.66,27.69,27.52,27.69,1229
2019-12-09,27.68,27.68,27.548,27.548,1699
2019-12-10,27.48,27.535,27.26,27.535,2995
2019-12-11,27.65,27.76,27.6,27.76,5773
2019-12-12,27.9,28.065,27.9,28.03,1146
2019-12-13,28.1,28.288,28.1,28.22,6233
2019-12-16,28.4,28.5,28.344,28.38,4152
2019-12-17,28.21,28.315,28.09,28.195,4730
2019-12-18,27.98,28.01,27.967,27.99,800
2019-12-19,27.812,27.835,27.812,27.835,215
2019-12-20,28.0,28.0,27.9,27.955,2640
2019-12-23,27.924,27.99,27.924,27.99,4611
2019-12-24,27.99,27.99,27.99,27.99,185
2019-12-26,27.98,28.19,27.98,28.055,175852
2019-12-27,28.26,28.3,28.14,28.14,2870
2019-12-30,28.04,28.04,27.7,27.7,4390
2019-12-31,27.86,28.103,27.77,28.103,6282
2020-01-02,28.538,28.663,28.405,28.5,1538
2020-01-03,27.98,28.111,27.97,27.99,2740
2020-01-06,27.8,28.005,27.8,28.005,639
2020-01-07,28.04,28.066,27.955,27.955,564
2020-01-08,28.155,28.26,28.155,28.26,1700
2020-01-09,28.43,28.51,28.36,28.45,5667
2020-01-10,28.517,28.517,28.5,28.5,786
2020-01-13,28.24,28.53,28.225,28.45,2527
2020-01-14,28.342,28.48,28.342,28.36,435
2020-01-15,28.45,28.5,28.316,28.38,18780
2020-01-16,28.49,28.49,28.38,28.46,7588
2020-01-17,28.56,28.57,28.32,28.32,5418
2020-01-21,28.48,28.51,28.48,28.48,3597
2020-01-22,28.4,28.465,28.4,28.465,8182
2020-01-23,28.2,28.28,28.035,28.275,1860
2020-01-24,28.56,28.65,28.23,28.31,4873
2020-01-27,27.63,27.845,27.5,27.706,7271
2020-01-28,27.63,27.88,27.62,27.88,1756
2020-01-29,27.94,27.94,27.722,27.855,3789
2020-01-30,27.56,27.705,27.5045,27.705,2177
2020-01-31,27.38,27.38,27.1,27.1,16880
2020-02-03,27.23,27.4,27.23,27.385,2131
2020-02-04,27.86,27.928,27.75,27.82,1055
2020-02-05,28.12,28.17,28.12,28.17,210
2020-02-06,28.39,28.39,28.242,28.242,1343
2020-02-07,28.04,28.04,27.895,27.95,708
2020-02-10,27.82,28.017,27.82,27.975,12657
2020-02-11,28.16,28.255,28.16,28.255,2702
2020-02-12,28.36,28.56,28.25,28.455,4867
2020-02-13,28.46,28.46,28.275,28.275,806
2020-02-14,28.4,28.4,28.265,28.265,2555
2020-02-18,28.11,28.2,28.06,28.06,2450
2020-02-19,28.12,28.248,28.12,28.24,1299
2020-02-20,28.3,28.3,27.94,27.94,1820
2020-02-21,27.942,27.942,27.839,27.92,893
2020-02-24,26.8,26.869,26.214,26.815,4923
2020-02-25,26.8,26.8,26.124,26.15,16867
2020-02-26,26.26,26.464,26.1,26.17,3344
2020-02-27,25.62,26.003,25.21,25.21,10688
2020-02-28,24.51,24.995,24.473,24.95,6430
2020-03-02,25.09,25.42,24.905,25.36,3564
2020-03-03,25.72,25.75,25.0,25.091,4863
2020-03-04,25.57,25.72,25.46,25.72,1130
2020-03-05,25.27,25.38,25.01,25.149,5117
2020-03-06,24.8,24.899,24.57,24.815,4074
2020-03-09,22.98,23.48,22.69,22.69,23243
2020-03-10,23.51,23.57,22.55,23.295,12439
2020-03-11,22.76,22.777,21.955,22.17,27009
2020-03-12,20.39,21.55,19.26,19.66,31942
2020-03-13,20.74,20.74,19.287,20.3,21481
2020-03-16,17.96,19.13,17.87,18.29,81770
2020-03-17,18.25,19.09,17.97,18.794,26093
2020-03-18,17.67,17.95,17.0,17.385,80767
2020-03-19,17.26,17.81,17.09,17.61,14762
2020-03-20,18.08,18.48,17.62,17.635,12281
2020-03-23,18.09,18.37,17.65,18.005,12955
2020-03-24,19.27,19.98,19.193,19.743,19170
2020-03-25,19.98,20.665,19.74,20.4,14766
2020-03-26,20.42,21.02,20.34,21.018,22503
2020-03-27,20.25,20.659,20.001,20.5,11197
2020-03-30,20.17,20.76,20.11,20.625,19027
2020-03-31,20.74,20.77,20.34,20.595,18437
2020-04-01,19.77,20.135,19.53,19.601,7641
2020-04-02,20.098,20.098,19.5,19.767,2323
2020-04-03,19.74,19.74,19.4,19.597,168963
2020-04-06,20.6,21.0,20.568,20.943,15185
2020-04-07,21.87,21.87,21.28,21.29,72092
2020-04-08,21.47,21.57,21.06,21.525,21123
2020-04-09,22.01,22.318,21.665,22.213,10549
2020-04-13,22.45,22.45,21.58,21.733,14982
2020-04-14,22.4,22.61,22.204,22.433,13747
2020-04-15,21.52,21.65,21.27,21.46,17035
2020-04-16,21.55,21.55,21.114,21.289,5295
2020-04-17,22.08,22.17,21.802,22.163,22513
2020-04-20,21.8,22.27,21.8,21.885,19440
2020-04-21,21.46,21.69,21.114,21.314,18769
2020-04-22,21.56,21.626,21.39,21.529,4905
2020-04-23,21.36,21.857,21.24,21.316,19161
2020-04-24,21.314,21.5,21.231,21.424,2429
2020-04-27,21.85,22.068,21.8,22.068,27457
2020-04-28,22.58,22.64,22.116,22.182,36830
2020-04-29,22.78,23.18,22.619,22.95,24228
2020-04-30,22.68,22.77,22.3,22.73,10841
2020-05-01,22.24,22.43,22.022,22.1,28750
2020-05-04,21.89,22.09,21.588,22.09,9521
2020-05-05,22.14,22.28,22.0,22.07,24247
2020-05-06,22.17,22.17,21.65,21.756,7332
2020-05-07,22.09,22.11,22.0,22.045,4378
2020-05-08,22.27,22.61,22.27,22.568,3597
2020-05-11,22.3,22.53,22.08,22.354,23841
2020-05-12,22.4,22.45,22.001,22.096,1800
2020-05-13,22.01,22.055,21.38,21.528,8515
2020-05-14,21.07,21.392,20.736,21.392,5277
2020-05-15,21.54,21.585,21.41,21.41,2013
2020-05-18,22.51,23.11,22.505,23.11,9596
2020-05-19,22.97,23.0,22.82,22.9,5193
2020-05-20,23.15,23.384,23.06,23.325,5196
2020-05-21,23.35,23.41,22.989,22.989,4100
2020-05-22,22.985,23.13,22.908,23.048,1027
2020-05-26,24.08,24.22,23.76,23.878,6947
2020-05-27,24.37,24.59,24.184,24.455,18244
2020-05-28,24.71,24.96,24.58,24.651,7964
2020-05-29,24.32,24.627,24.202,24.627,2995
2020-06-01,24.86,25.31,24.835,25.295,5524
2020-06-02,25.52,25.75,25.32,25.616,27332
2020-06-03,26.33,26.924,26.261,26.72,40896
2020-06-04,26.62,26.889,26.5,26.72,38285
2020-06-05,27.33,27.77,27.19,27.32,30192
2020-06-08,27.55,27.8,27.27,27.64,25697
2020-06-09,27.12,27.41,26.92,27.16,42276
2020-06-10,27.11,27.38,26.88,27.075,37257
2020-06-11,26.11,26.3,25.2,25.32,72205
2020-06-12,26.04,26.11,25.11,25.57,36061
2020-06-15,25.28,25.945,25.053,25.921,8852
2020-06-16,26.48,26.639,26.11,26.41,8442
2020-06-17,26.55,26.62,26.15,26.225,3189
2020-06-18,26.0,26.29,25.99,26.102,3781
2020-06-19,26.34,26.618,25.75,25.865,20619
2020-06-22,26.044,26.35,26.044,26.24,6626
2020-06-23,26.84,26.98,26.56,26.685,5647
2020-06-24,26.28,26.33,25.56,25.97,8677
2020-06-25,25.68,26.43,25.54,26.43,5739
2020-06-26,26.13,26.13,25.668,25.705,5386
2020-06-29,25.6,25.825,25.6,25.825,990
2020-06-30,25.85,26.086,25.85,26.084,1806
2020-07-01,25.97,26.09,25.9,25.945,14385
2020-07-02,26.62,26.704,26.485,26.485,8038
2020-07-06,27.11,27.11,26.75,26.98,9439
2020-07-07,26.76,26.8,26.55,26.557,8812
2020-07-08,26.56,26.714,26.5,26.625,19712
2020-07-09,27.01,27.01,26.4,26.61,4566
2020-07-10,26.77,26.94,26.77,26.865,4107
2020-07-13,27.2,27.43,26.783,26.783,14984
2020-07-14,26.75,27.24,26.718,27.24,8417
2020-07-15,27.69,27.988,27.43,27.66,6503
2020-07-16,27.62,27.82,27.5,27.59,307013
2020-07-17,27.72,27.83,27.67,27.82,24308
2020-07-20,27.92,28.14,27.685,28.12,24790
2020-07-21,28.43,28.57,28.29,28.325,45516
2020-07-22,28.56,28.599,28.4556,28.5366,21039
2020-07-23,28.53,28.6,28.12,28.2,147703
2020-07-24,27.935,28.04,27.848,27.995,18944
2020-07-27,28.17,28.5699,28.17,28.27,27158
2020-07-28,28.28,28.4399,27.95,28.145,108529
2020-07-29,28.42,28.484,28.21,28.39,20047
2020-07-30,27.47,27.759,27.1408,27.72,45376
2020-07-31,27.63,27.66,26.95,27.11,71143
2020-08-03,27.74,27.885,27.55,27.8,9963
2020-08-04,27.665,27.875,27.665,27.875,11065
2020-08-05,28.05,28.23,28.0,28.07,7901
2020-08-06,28.005,28.16,27.99,28.1255,4804
2020-08-07,27.93,28.03,27.8101,28.01,3198
2020-08-10,28.01,28.04,27.9,28.0305,4882
2020-08-11,28.53,28.57,28.19,28.22,10769
2020-08-12,28.76,28.97,28.72,28.895,12230
2020-08-13,28.96,29.05,28.65,28.725,12503
2020-08-14,28.47,28.6565,28.24,28.46,15761
2020-08-17,28.68,28.99,28.68,28.775,9784
2020-08-18,29.1,29.16,28.72,28.91,24028
2020-08-19,29.08,29.08,28.79,28.855,11855
2020-08-20,28.27,28.66,28.25,28.65,17613
2020-08-21,28.12,28.285,28.0,28.285,3842
2020-08-24,28.89,28.96,28.8214,28.88,7799
2020-08-25,29.28,29.28,28.9273,28.975,6282
2020-08-26,29.15,29.4,29.1,29.4,10256
2020-08-27,29.4,29.4,28.9014,28.985,4389
2020-08-28,29.09,29.23,29.0638,29.1279,6115
2020-08-31,29.22,29.27,28.931,29.27,5767
2020-09-01,29.03,29.03,28.8902,28.95,21191
2020-09-02,29.27,29.64,29.0401,29.64,38393
2020-09-03,29.72,29.72,28.67,28.7997,13962
2020-09-04,29.1399,29.1399,28.15,28.845,58560
2020-09-08,28.55,28.86,28.35,28.585,24447
2020-09-09,29.06,29.475,29.06,29.41,1630
2020-09-10,29.65,29.65,29.0647,29.0647,5201
2020-09-11,29.2185,29.3499,29.2185,29.28,2531
2020-09-14,29.48,29.48,29.3,29.3291,9836
2020-09-15,29.57,29.57,28.92,28.92,7600
2020-09-16,29.42,29.45,29.28,29.33,3723
2020-09-17,28.98,29.37,28.98,29.31,7836
2020-09-18,29.325,29.44,29.0923,29.1015,41511
2020-09-21,28.23,28.23,27.5025,27.8,47721
2020-09-22,27.86,28.027,27.59,27.934,5322
2020-09-23,27.86,27.86,27.4438,27.4438,4019
2020-09-24,27.4019,27.65,27.33,27.5,29034
2020-09-25,27.12,27.45,27.01,27.45,5340
2020-09-28,28.14,28.23,28.0196,28.23,10776
2020-09-29,28.22,28.3006,28.06,28.3006,6140
2020-09-30,28.07,28.2184,28.07,28.1292,1690
2020-10-01,28.145,28.145,27.91,28.06,5156
2020-10-02,27.46,27.98,27.46,27.98,3989
2020-10-05,28.3308,28.5471,28.3185,28.3888,2743
2020-10-06,28.69,28.69,28.225,28.275,1125
2020-10-07,28.4204,28.61,28.355,28.61,4217
2020-10-08,28.8,28.96,28.69,28.815,3252
2020-10-09,28.865,28.9563,28.776,28.925,8030
2020-10-12,28.99,29.175,28.89,29.175,2450
2020-10-13,28.76,28.76,28.4643,28.56,6419
2020-10-14,28.61,28.705,28.61,28.65,2736
2020-10-15,27.83,28.06,27.58,28.03,8316
2020-10-16,28.36,28.53,28.3342,28.53,2832
2020-10-19,28.36,28.5146,27.945,27.975,9550
2020-10-20,28.3317,28.3317,28.195,28.195,550
2020-10-21,28.0877,28.0877,27.9012,27.95,3241
2020-10-22,27.87,27.8794,27.59,27.8794,4840
2020-10-23,28.11,28.24,28.0,28.24,1975
2020-10-26,27.19,27.3142,26.87,26.92,12884
2020-10-27,26.96,27.01,26.5624,26.68,8495
2020-10-28,25.64,25.739,25.235,25.39,45835
2020-10-29,25.41,25.6403,25.165,25.59,28904
2020-10-30,25.44,25.47,25.1275,25.47,51636
2020-11-02,25.59,25.858,25.55,25.76,44077
2020-11-03,26.21,26.819,26.152,26.6964,36550
2020-11-04,26.86,27.2299,26.6,27.0379,20544
2020-11-05,27.76,27.885,27.5701,27.8,63464
2020-11-06,27.8,27.9,27.77,27.81,4379
2020-11-09,29.46,29.46,28.78,28.85,15987
2020-11-10,29.06,29.295,28.99,29.2,10613
2020-11-11,29.02,29.19,28.9501,29.13,12343
2020-11-12,28.8,29.11,28.6433,28.69,4523
2020-11-13,28.95,29.1599,28.86,29.1134,2265
2020-11-16,29.27,29.29,28.99,29.1525,8205
2020-11-17,29.16,29.28,29.1,29.175,2303
2020-11-18,29.27,29.2999,29.1235,29.25,10666
2020-11-19,28.95,29.17,28.7701,29.15,5284
2020-11-20,29.07,29.29,29.0101,29.141,3251
2020-11-23,29.3,29.467,29.1,29.1,6211
2020-11-24,29.46,29.78,29.355,29.78,8440
2020-11-25,29.62,29.73,29.4,29.65,5068
2020-11-27,29.86,29.97,29.86,29.9267,2348
2020-11-30,30.24,30.24,29.6868,29.6868,4704
2020-12-01,30.2958,30.2958,30.095,30.22,4939
2020-12-02,30.13,30.21,30.0,30.195,4535
2020-12-03,30.28,30.35,30.15,30.15,3857
2020-12-04,30.23,30.32,30.21,30.21,3902
2020-12-07,30.19,30.261,30.13,30.2,5280
2020-12-08,30.2,30.2455,30.15,30.15,7538
2020-12-09,30.46,30.46,30.125,30.125,7233
2020-12-10,30.23,30.358,30.09,30.35,12619
2020-12-11,29.94,29.94,29.6783,29.84,10529
2020-12-14,30.26,30.26,30.08,30.14,3406
2020-12-15,30.49,30.68,30.3827,30.595,15085
2020-12-16,31.0,31.1265,30.85,31.0559,30601
2020-12-17,31.31,31.5,31.31,31.5,15804
2020-12-18,31.575,31.575,31.2201,31.275,14683
2020-12-21,30.19,30.76,30.121,30.65,14322
2020-12-22,30.59,30.67,30.48,30.58,5805
2020-12-23,30.92,31.18,30.73,31.0896,10678
2020-12-24,31.0902,31.165,30.89,30.89,5472
2020-12-28,31.5,31.72,31.5,31.72,6673
2020-12-29,31.82,31.89,31.49,31.555,11216
2020-12-30,31.23,31.31,31.04,31.13,6693
2020-12-31,31.08,31.08,30.63,30.7966,20126
2021-01-04,31.6,31.6,31.0,31.001,8567
2021-01-05,30.98,31.1937,30.848,31.1549,5830
2021-01-06,31.33,31.75,31.33,31.619,6211
2021-01-07,31.74,31.89,31.59,31.81,16693
2021-01-08,31.97,32.0299,31.65,31.8792,16656
2021-01-11,31.18,31.4977,31.0,31.31,5643
2021-01-12,31.43,31.5399,31.2222,31.48,16196
2021-01-13,31.46,31.6,31.18,31.3782,10694
2021-01-14,31.38,31.6699,31.3,31.475,9701
2021-01-15,31.1,31.1,30.7335,30.7335,31892
2021-01-19,31.25,31.25,30.948,31.13,2684
2021-01-20,31.23,31.33,31.08,31.23,4747
2021-01-21,31.39,31.45,31.172,31.345,19503
2021-01-22,31.24,31.3,31.1201,31.275,9555
2021-01-25,30.93,30.93,30.34,30.92,17579
2021-01-26,31.25,31.26,31.03,31.227,13379
2021-01-27,30.51,30.71,30.07,30.3891,17873
2021-01-28,30.42,30.8976,30.31,30.66,12457
2021-01-29,30.52,30.52,29.82,30.0721,5715
2021-02-01,30.43,30.565,30.31,30.56,8387
2021-02-02,30.72,30.9699,30.56,30.8857,8573
2021-02-03,30.96,31.15,30.66,31.08,5794
2021-02-04,31.05,31.08,30.955,31.025,5872
2021-02-05,31.16,31.39,31.0501,31.39,31169
2021-02-08,31.39,31.48,31.1201,31.355,13524
2021-02-09,31.365,31.44,31.2395,31.36,2842
2021-02-10,31.39,31.4723,31.21,31.2866,4066
2021-02-11,31.495,31.6372,31.4014,31.4149,1720
2021-02-12,31.38,31.54,31.29,31.54,7910
2021-02-16,31.63,31.63,31.3108,31.56,8056
2021-02-17,31.15,31.2999,30.954,31.15,5437
2021-02-18,31.0035,31.2299,30.9785,31.07,6822
2021-02-19,31.385,31.54,31.2101,31.3,4408
2021-02-22,31.1,31.3688,30.9652,31.251,5305
2021-02-23,30.96,31.395,30.9,31.26,15005
2021-02-24,31.27,31.5175,31.11,31.5175,3079
2021-02-25,31.52,31.5402,31.045,31.06,6593
2021-02-26,30.95,31.0425,30.7801,30.7801,5232
2021-03-01,30.94,31.3281,30.94,31.3,9066
2021-03-02,31.34,31.4422,31.3291,31.35,3321
2021-03-03,31.25,31.48,31.2348,31.35,4210
2021-03-04,31.29,31.35,30.8,30.98,4367
2021-03-05,30.9,30.9,30.6,30.8,3217
2021-03-08,31.0,31.62,31.0,31.45,9795
2021-03-09,31.63,31.838,31.63,31.785,9455
2021-03-10,31.93,32.055,31.84,32.0,24161
2021-03-11,32.2,32.3285,32.0301,32.3285,5747
2021-03-12,31.92,32.2391,31.92,32.23,11496
2021-03-15,32.05,32.08,31.76,31.845,5598
2021-03-16,31.99,32.21,31.8901,32.045,2896
2021-03-17,31.94,32.425,31.85,32.425,4684
2021-03-18,32.41,32.67,32.365,32.4,6437
2021-03-19,32.07,32.2899,31.93,32.21,3549
2021-03-22,32.35,32.5,32.17,32.35,9969
2021-03-23,32.13,32.4183,31.98,31.985,7185
2021-03-24,31.8,31.91,31.7401,31.91,5846
2021-03-25,31.52,31.884,31.52,31.8815,3163
2021-03-26,32.02,32.2999,32.02,32.215,8717
2021-03-29,32.32,32.33,32.23,32.29,7038
2021-03-30,32.38,32.582,32.379,32.4623,37729
2021-03-31,32.498,32.6,32.495,32.55,8332
2021-04-01,32.67,32.99,32.67,32.9289,7773
2021-04-05,33.1,33.65,33.1,33.64,13291
2021-04-06,33.31,33.4,33.1,33.39,10807
2021-04-07,33.3,33.499,33.2,33.3269,3877
2021-04-08,33.33,33.44,33.33,33.415,3378
2021-04-09,33.3013,33.6,33.3013,33.5334,9487
2021-04-12,33.69,33.69,33.4,33.5141,14155
2021-04-13,33.5,33.72,33.5,33.67,11015
2021-04-14,33.67,33.736,33.6044,33.6044,1198
2021-04-15,33.8,33.82,33.65,33.7833,4110
2021-04-16,34.2,34.3899,34.105,34.3088,9654
2021-04-19,34.38,34.39,34.08,34.27,20243
2021-04-20,33.95,33.95,33.52,33.7098,6119
2021-04-21,33.63,33.8875,33.63,33.8875,10691
2021-04-22,34.04,34.0899,33.8029,33.8563,16392
2021-04-23,33.85,34.24,33.78,34.19,29300
2021-04-26,34.14,34.2,34.0722,34.1202,7297
2021-04-27,33.98,34.1,33.94,34.085,3009
2021-04-28,34.0986,34.3,34.0986,34.2207,5124
2021-04-29,34.15,34.1759,33.732,34.025,14907
2021-04-30,34.0,34.0,33.5603,33.5603,3415
2021-05-03,33.98,33.98,33.7919,33.9676,5235
2021-05-04,33.36,33.378,32.93,33.0501,20320
2021-05-05,33.6,33.6999,33.43,33.595,3341
2021-05-06,33.63,33.9175,33.52,33.9175,16182
2021-05-07,34.26,34.6,34.17,34.5609,21171
2021-05-10,34.59,34.61,34.2657,34.2657,15062
2021-05-11,33.74,34.0446,33.57,33.935,32907
2021-05-12,33.93,33.94,33.59,33.6044,2725
2021-05-13,33.78,34.0271,33.7596,33.885,5976
2021-05-14,34.35,34.5538,34.1201,34.5538,14068
2021-05-17,34.45,34.6199,34.41,34.5771,5052
2021-05-18,34.71,34.71,34.48,34.48,7699
2021-05-19,33.91,34.14,33.725,34.0357,8942
2021-05-20,34.42,34.66,34.2701,34.658,8002
2021-05-21,34.6748,34.77,34.45,34.77,7523
2021-05-24,34.77,35.12,34.77,35.07,6964
2021-05-25,35.09,35.09,34.853,34.94,8744
2021-05-26,34.87,34.87,34.62,34.7067,9752
2021-05-27,34.81,34.81,34.61,34.6913,8072
2021-05-28,34.81,34.93,34.6901,34.8536,5181
2021-06-01,35.28,35.3999,35.0609,35.0609,9095
2021-06-02,35.08,35.12,34.9901,35.0794,13844
2021-06-03,34.96,34.98,34.822,34.9592,5865
2021-06-04,35.13,35.25,35.13,35.1995,4477
2021-06-07,35.18,35.3799,35.07,35.2666,7192
2021-06-08,35.3,35.3,35.149,35.185,2114
2021-06-09,35.01,35.05,34.95,34.9701,3332
2021-06-10,34.89,35.099,34.81,35.019,7424
2021-06-11,35.07,35.11,34.8901,35.0709,10107
2021-06-14,35.15,35.15,34.96,35.085,5697
2021-06-15,35.02,35.209,35.02,35.1299,3685
2021-06-16,35.16,35.17,34.75,34.75,7150
2021-06-17,34.52,34.6,34.48,34.545,9876
2021-06-18,33.93,34.0,33.69,33.792,13306
2021-06-21,34.04,34.46,34.04,34.33,6537
2021-06-22,34.26,34.4099,34.0101,34.38,5168
2021-06-23,34.255,34.3,33.99,34.0066,11309
2021-06-24,34.22,34.45,34.2,34.23,12090
2021-06-25,34.38,34.4899,34.33,34.33,21827
2021-06-28,34.33,34.33,34.09,34.2058,11048
2021-06-29,33.98,34.03,33.8201,33.89,7241
2021-06-30,33.52,33.575,33.31,33.57,10368
2021-07-01,33.61,33.7099,33.5433,33.625,8916
2021-07-02,33.6403,33.8865,33.58,33.735,5045
2021-07-06,33.51,33.555,33.1662,33.2934,6652
2021-07-07,33.49,33.73,33.43,33.6254,6090
2021-07-08,32.99,33.24,32.97,33.0925,19272
2021-07-09,33.7173,33.8981,33.5121,33.8981,6636
2021-07-12,33.89,34.144,33.77,33.975,25265
2021-07-13,33.83,33.93,33.671,33.6802,55335
2021-07-14,33.8,33.91,33.8,33.8535,34522
2021-07-15,33.46,33.57,33.4,33.5005,45047
2021-07-16,33.44,33.44,33.14,33.169,4559
2021-07-19,32.51,32.51,32.21,32.4,26433
2021-07-20,32.21,32.635,32.11,32.635,53099
2021-07-21,32.86,33.08,32.805,33.0736,5600
2021-07-22,33.28,33.28,33.01,33.05,33371
2021-07-23,33.45,33.45,33.34,33.4046,4184
2021-07-26,33.33,33.4999,33.32,33.4103,9176
2021-07-27,33.1634,33.29,33.1438,33.24,11612
2021-07-28,33.1499,33.34,33.14,33.3301,2983
2021-07-29,33.64,33.73,33.58,33.66,15716
2021-07-30,33.47,33.4799,33.385,33.4361,21504
2021-08-02,33.53,33.53,33.33,33.33,7757
2021-08-03,33.38,33.54,33.31,33.54,6587
2021-08-04,33.6466,33.655,33.61,33.625,3700
2021-08-05,33.68,33.8189,33.68,33.7458,7062
2021-08-06,33.7,33.7,33.52,33.5792,5354
2021-08-09,33.57,33.57,33.42,33.52,3842
2021-08-10,33.5,33.5399,33.44,33.51,820
2021-08-11,33.66,33.73,33.64,33.7133,5569
2021-08-12,33.84,33.94,33.84,33.9055,4318
2021-08-13,34.035,34.1574,34.035,34.137,5008
2021-08-16,33.88,34.079,33.82,34.07,6452
2021-08-17,33.8,33.84,33.66,33.68,19367
2021-08-18,33.888,33.9194,33.726,33.726,4341
2021-08-19,33.26,33.51,33.24,33.355,7389
2021-08-20,33.39,33.55,33.39,33.529,4364
2021-08-23,33.7,33.77,33.5301,33.77,6088
2021-08-24,33.77,33.91,33.77,33.85,3924
2021-08-25,33.8,33.8,33.761,33.775,1606
2021-08-26,33.59,33.72,33.59,33.6236,19250
2021-08-27,33.605,33.915,33.605,33.88,5546
2021-08-30,33.95,33.95,33.89,33.89,7841
2021-08-31,33.87,33.89,33.68,33.87,5294
2021-09-01,33.94,34.03,33.74,33.95,33028
2021-09-02,33.98,34.08,33.95,34.05,5505
2021-09-03,33.97,34.06,33.82,34.06,9270
2021-09-07,34.09,34.09,33.95,34.05,35032
2021-09-08,33.63,33.63,33.41,33.4693,4877
2021-09-09,33.47,33.63,33.38,33.38,7336
2021-09-10,33.49,33.5191,33.3,33.315,3605
2021-09-13,33.71,33.71,33.561,33.6366,3966
2021-09-14,33.87,33.87,33.6,33.6,18082
2021-09-15,33.605,33.605,33.47,33.565,3631
2021-09-16,33.37,33.53,33.33,33.53,4407
2021-09-17,33.4,33.4,32.85,32.999,8874
2021-09-20,32.19,32.209,31.86,32.1049,13206
2021-09-21,32.66,32.72,32.52,32.5648,16454
2021-09-22,32.91,33.05,32.79,32.8537,6513
2021-09-23,33.13,33.3499,33.13,33.315,8936
2021-09-24,32.97,33.059,32.951,32.97,1580
2021-09-27,33.02,33.099,33.0,33.05,3851
2021-09-28,32.57,32.57,32.245,32.35,4712
2021-09-29,32.46,32.46,32.26,32.26,2929
2021-09-30,32.14,32.14,31.87,31.9821,5909
2021-10-01,32.07,32.11,31.7401,32.005,4276
2021-10-04,31.89,31.97,31.57,31.71,5843
2021-10-05,31.68,32.02,31.621,31.89,11126
2021-10-06,31.3,31.55,31.2101,31.5309,25913
2021-10-07,31.77,31.979,31.77,31.8392,9387
2021-10-08,31.8614,31.95,31.8,31.85,23113
2021-10-11,31.8,31.8699,31.6625,31.6625,4028
2021-10-12,31.69,31.739,31.62,31.6672,5281
2021-10-13,31.95,32.12,31.89,32.0896,5861
2021-10-14,32.4,32.55,32.37,32.55,4803
2021-10-15,32.681,32.79,32.681,32.755,1833
2021-10-18,32.43,32.48,32.43,32.48,1651
2021-10-19,32.64,32.75,32.63,32.66,4341
2021-10-20,32.66,32.81,32.66,32.74,2485
2021-10-21,32.74,32.74,32.55,32.5939,11494
2021-10-22,32.89,32.917,32.769,32.8277,3731
2021-10-25,32.83,32.9,32.745,32.8458,5528
2021-10-26,33.2,33.2,33.04,33.075,2149
2021-10-27,33.07,33.07,32.88,32.93,4578
2021-10-28,33.08,33.239,33.072,33.14,6364
2021-10-29,32.82,32.92,32.77,32.87,13131
2021-11-01,33.02,33.2561,32.98,33.2561,7924
2021-11-02,33.4,33.4704,33.39,33.4345,3048
2021-11-03,33.35,33.74,33.34,33.6825,20298
2021-11-04,33.6,33.6,33.42,33.5502,8988
2021-11-05,33.5,33.6089,33.49,33.59,2163
2021-11-08,33.63,33.7154,33.581,33.6171,4468
2021-11-09,33.74,33.74,33.56,33.6363,7710
2021-11-10,33.5,33.58,33.195,33.2675,6517
2021-11-11,33.39,33.41,33.27,33.3121,7713
2021-11-12,33.3112,33.3394,33.3112,33.3394,1896
2021-11-15,33.34,33.43,33.11,33.1514,8782
2021-11-16,33.31,33.41,33.2166,33.2166,5119
2021-11-17,33.33,33.33,33.21,33.28,5042
2021-11-18,33.32,33.43,33.27,33.3968,6444
2021-11-19,33.14,33.14,32.9118,32.9304,9141
2021-11-22,32.82,32.89,32.64,32.6517,19028
2021-11-23,32.53,32.61,32.37,32.5439,10168
2021-11-24,31.96,32.25,31.88,32.23,59007
2021-11-26,31.49,31.52,31.16,31.18,14652
2021-11-29,31.43,31.43,31.03,31.26,16180
2021-11-30,31.34,31.34,30.685,30.95,14804
2021-12-01,31.59,31.645,31.04,31.04,11293
2021-12-02,31.17,31.355,31.17,31.2805,8128
2021-12-03,31.36,31.36,30.8229,30.99,19152
2021-12-06,31.29,31.46,31.2016,31.43,10688
2021-12-07,31.91,32.1955,31.91,32.1955,24610
2021-12-08,32.11,32.26,32.05,32.2493,8251
2021-12-09,31.97,31.975,31.84,31.8657,11261
2021-12-10,31.87,32.05,31.87,32.0107,12027
2021-12-13,31.99,32.07,31.855,31.8721,13716
2021-12-14,31.73,31.76,31.5,31.6,3488
2021-12-15,31.52,31.95,31.49,31.94,105412
2021-12-16,32.2,32.2,31.87,31.9441,10796
2021-12-17,31.7,31.75,31.44,31.44,42019
2021-12-20,31.11,31.2776,31.08,31.2776,29809
2021-12-21,31.49,31.6616,31.445,31.6616,75557
2021-12-22,31.67,32.09,31.67,32.09,12371
2021-12-23,32.15,32.37,32.09,32.3209,66423
2021-12-27,32.37,32.575,32.36,32.5742,7114
2021-12-28,32.54,32.625,32.54,32.625,2671
2021-12-29,32.53,32.605,32.47,32.6,8821
2021-12-30,32.2,32.33,32.1,32.1319,13253
2021-12-31,32.22,32.335,32.22,32.335,2499
2022-01-03,32.47,32.57,32.36,32.47,22665
2022-01-04,32.71,32.7596,32.57,32.6353,9469
2022-01-05,33.0,33.03,32.6,32.61,14474
2022-01-06,32.59,32.59,32.39,32.43,2136
2022-01-07,32.35,32.48,32.35,32.4653,4485
2022-01-10,32.04,32.21,31.92,32.2,9121
2022-01-11,32.3,32.59,32.28,32.5857,77801
2022-01-12,32.75,32.855,32.72,32.82,6186
2022-01-13,32.98,33.0,32.63,32.63,20020
2022-01-14,32.5,32.6388,32.41,32.58,5177
2022-01-18,32.2,32.2,31.97,31.97,9218
2022-01-19,32.27,32.3,32.0619,32.0619,5585
2022-01-20,32.17,32.3133,31.92,31.92,4695
2022-01-21,31.69,31.69,31.39,31.42,31148
2022-01-24,30.65,30.98,30.0,30.96,70300
2022-01-25,30.56,30.88,30.4,30.805,43743
2022-01-26,31.36,31.5,30.82,30.9601,18405
2022-01-27,31.09,31.14,30.69,30.77,12681
2022-01-28,30.5,30.83,30.39,30.82,20354
2022-01-31,30.8,31.33,30.8,31.3296,15478
2022-02-01,31.64,31.64,31.391,31.6206,2696
2022-02-02,31.74,31.74,31.59,31.65,9913
2022-02-03,31.46,31.5,31.3,31.3,5120
2022-02-04,30.95,31.2401,30.88,31.11,20368
